FILEID,STUSAB,SUMLEV,GEOVAR,GEOCOMP,CHARITER,LOGRECNO,GEOID,GEOCODE,REGION,DIVISION,STATE,STATENS,SLDL18,AREALAND,AREAWATR,BASENAME,NAME,FUNCSTAT,POP100,HU100,INTPTLAT,INTPTLON,LSADC,GEOID20,P0010001,P0010002,P0010003,P0010004,P0010005,P0010006,P0010007,P0010008,P0010009,P0010010,P0010011,P0010012,P0010013,P0010014,P0010015,P0010016,P0010017,P0010018,P0010019,P0010020,P0010021,P0010022,P0010023,P0010024,P0010025,P0010026,P0010027,P0010028,P0010029,P0010030,P0010031,P0010032,P0010033,P0010034,P0010035,P0010036,P0010037,P0010038,P0010039,P0010040,P0010041,P0010042,P0010043,P0010044,P0010045,P0010046,P0010047,P0010048,P0010049,P0010050,P0010051,P0010052,P0010053,P0010054,P0010055,P0010056,P0010057,P0010058,P0010059,P0010060,P0010061,P0010062,P0010063,P0010064,P0010065,P0010066,P0010067,P0010068,P0010069,P0010070,P0010071,P0020001,P0020002,P0020003,P0020004,P0020005,P0020006,P0020007,P0020008,P0020009,P0020010,P0020011,P0020012,P0020013,P0020014,P0020015,P0020016,P0020017,P0020018,P0020019,P0020020,P0020021,P0020022,P0020023,P0020024,P0020025,P0020026,P0020027,P0020028,P0020029,P0020030,P0020031,P0020032,P0020033,P0020034,P0020035,P0020036,P0020037,P0020038,P0020039,P0020040,P0020041,P0020042,P0020043,P0020044,P0020045,P0020046,P0020047,P0020048,P0020049,P0020050,P0020051,P0020052,P0020053,P0020054,P0020055,P0020056,P0020057,P0020058,P0020059,P0020060,P0020061,P0020062,P0020063,P0020064,P0020065,P0020066,P0020067,P0020068,P0020069,P0020070,P0020071,P0020072,P0020073,P0030001,P0030002,P0030003,P0030004,P0030005,P0030006,P0030007,P0030008,P0030009,P0030010,P0030011,P0030012,P0030013,P0030014,P0030015,P0030016,P0030017,P0030018,P0030019,P0030020,P0030021,P0030022,P0030023,P0030024,P0030025,P0030026,P0030027,P0030028,P0030029,P0030030,P0030031,P0030032,P0030033,P0030034,P0030035,P0030036,P0030037,P0030038,P0030039,P0030040,P0030041,P0030042,P0030043,P0030044,P0030045,P0030046,P0030047,P0030048,P0030049,P0030050,P0030051,P0030052,P0030053,P0030054,P0030055,P0030056,P0030057,P0030058,P0030059,P0030060,P0030061,P0030062,P0030063,P0030064,P0030065,P0030066,P0030067,P0030068,P0030069,P0030070,P0030071,P0040001,P0040002,P0040003,P0040004,P0040005,P0040006,P0040007,P0040008,P0040009,P0040010,P0040011,P0040012,P0040013,P0040014,P0040015,P0040016,P0040017,P0040018,P0040019,P0040020,P0040021,P0040022,P0040023,P0040024,P0040025,P0040026,P0040027,P0040028,P0040029,P0040030,P0040031,P0040032,P0040033,P0040034,P0040035,P0040036,P0040037,P0040038,P0040039,P0040040,P0040041,P0040042,P0040043,P0040044,P0040045,P0040046,P0040047,P0040048,P0040049,P0040050,P0040051,P0040052,P0040053,P0040054,P0040055,P0040056,P0040057,P0040058,P0040059,P0040060,P0040061,P0040062,P0040063,P0040064,P0040065,P0040066,P0040067,P0040068,P0040069,P0040070,P0040071,P0040072,P0040073,H0010001,H0010002,H0010003,P0050001,P0050002,P0050003,P0050004,P0050005,P0050006,P0050007,P0050008,P0050009,P0050010
PLST,OR,620,L6,00,000,0009063,620L600US41001,41001,4,9,41,01155107,001,11924314098,1192889880,1,State House District 1,N,66986,33388,+42.7404049,-123.9893059,LL,41001,66986,61245,57949,215,1242,533,69,1237,5741,5392,203,2531,430,102,1994,23,9,0,9,10,14,23,16,16,12,317,67,11,2,15,52,11,93,29,25,2,1,0,0,0,1,2,3,2,0,1,24,2,1,8,3,0,0,3,2,1,4,0,0,0,0,0,5,3,0,0,0,2,0,3,3,66986,3885,63101,58911,56720,196,1072,526,66,331,4190,4003,181,2349,395,96,892,21,9,0,9,9,7,4,14,14,3,174,62,10,1,9,34,8,11,26,10,1,0,0,0,0,0,0,1,0,0,1,9,2,0,1,3,0,0,3,0,0,0,0,0,0,0,0,2,0,0,0,0,2,0,2,2,56424,52266,49604,181,976,472,57,976,4158,3960,121,1913,260,52,1522,13,7,0,8,8,10,18,13,12,3,179,32,3,1,2,18,10,73,16,15,1,1,0,0,0,1,2,2,1,0,1,15,1,0,5,3,0,0,1,0,1,4,0,0,0,0,0,3,1,0,0,0,2,0,1,1,56424,2694,53730,50635,48813,167,861,466,54,274,3095,3003,112,1817,246,47,717,12,7,0,8,8,3,4,11,10,1,84,28,3,0,0,13,7,10,13,7,1,0,0,0,0,0,0,1,0,0,1,6,1,0,1,3,0,0,1,0,0,0,0,0,0,0,0,2,0,0,0,0,2,0,0,0,33388,29216,4172,670,210,62,17,122,9,460,49,15,396
PLST,OR,620,L6,00,000,0009064,620L600US41002,41002,4,9,41,01155107,002,2752616991,2435536,2,State House District 2,N,64796,28333,+42.8746966,-123.1934314,LL,41002,64796,59460,55778,263,1230,803,99,1287,5336,5041,303,2346,439,140,1683,17,10,1,10,10,7,29,35,8,3,266,62,12,0,13,42,18,56,48,9,3,1,0,1,0,0,0,0,1,0,0,23,3,0,0,2,0,0,11,4,0,2,0,1,0,0,0,5,2,0,0,1,2,0,1,1,64796,4076,60720,56622,54153,254,1066,775,90,284,4098,3899,270,2151,405,131,862,13,8,1,4,9,6,4,28,7,0,179,55,12,0,8,35,17,7,43,1,0,1,0,0,0,0,0,0,0,0,0,16,3,0,0,2,0,0,11,0,0,0,0,0,0,0,0,3,1,0,0,0,2,0,1,1,52040,48363,45486,212,942,680,84,959,3677,3500,139,1712,221,65,1285,11,3,0,6,7,6,19,22,1,3,160,33,7,0,12,23,6,40,27,7,3,1,0,0,0,0,0,0,1,0,0,14,3,0,0,2,0,0,6,2,0,0,0,1,0,0,0,2,1,0,0,1,0,0,1,1,52040,2690,49350,46484,44500,209,818,657,78,222,2866,2754,128,1609,212,64,695,8,3,0,0,6,5,4,19,1,0,100,30,7,0,8,18,5,4,26,1,0,1,0,0,0,0,0,0,0,0,0,11,3,0,0,2,0,0,6,0,0,0,0,0,0,0,0,0,0,0,0,0,0,0,1,1,28333,26350,1983,1424,555,166,23,307,59,869,0,0,869
PLST,OR,620,L6,00,000,0009065,620L600US41003,41003,4,9,41,01155107,003,1676221543,3051704,3,State House District 3,N,69365,30454,+42.2285523,-123.4818409,LL,41003,69365,62903,58970,357,889,718,112,1857,6462,5988,420,2405,610,124,2287,14,15,7,12,8,1,31,38,13,3,423,71,14,0,37,45,15,104,80,28,1,3,0,8,2,6,0,6,0,0,3,49,4,7,24,0,0,0,7,7,0,0,0,0,0,0,0,2,1,0,0,0,1,0,0,0,69365,5787,63578,59071,56816,317,717,703,109,409,4507,4250,371,2151,577,117,951,14,8,7,2,6,1,2,35,7,1,231,56,11,0,15,32,15,14,70,7,0,0,0,4,0,1,0,6,0,0,0,25,4,7,8,0,0,0,6,0,0,0,0,0,0,0,0,1,0,0,0,0,1,0,0,0,56030,51558,48449,286,686,616,87,1434,4472,4167,207,1802,339,71,1649,6,10,3,5,2,0,27,33,10,3,267,50,9,0,26,27,10,65,40,23,1,0,0,8,2,1,0,2,0,0,3,37,4,7,19,0,0,0,0,7,0,0,0,0,0,0,0,1,0,0,0,0,1,0,0,0,56030,3916,52114,48963,47122,261,551,607,85,337,3151,2991,192,1662,317,67,701,6,8,3,0,0,0,0,30,4,1,140,35,6,0,10,19,10,10,37,6,0,0,0,4,0,1,0,2,0,0,0,19,4,7,8,0,0,0,0,0,0,0,0,0,0,0,0,1,0,0,0,0,1,0,0,0,30454,28425,2029,1431,815,234,24,557,0,616,0,0,616
PLST,OR,620,L6,00,000,0009066,620L600US41004,41004,4,9,41,01155107,004,926726140,6119818,4,State House District 4,N,70362,28626,+42.4083228,-123.0838577,LL,41004,70362,63186,57550,405,909,694,173,3455,7176,6757,362,2142,590,156,3312,7,9,6,9,15,2,93,35,17,2,386,84,6,1,16,30,19,148,47,25,5,0,0,0,2,2,0,0,0,0,1,32,6,0,19,0,0,0,6,1,0,0,0,0,0,0,0,1,0,0,0,1,0,0,0,0,70362,8849,61513,57349,55146,363,645,678,168,349,4164,3961,328,1919,551,144,943,4,7,6,4,11,2,1,31,8,2,192,67,5,1,6,25,19,14,44,9,0,0,0,0,2,0,0,0,0,0,0,11,6,0,1,0,0,0,4,0,0,0,0,0,0,0,0,0,0,0,0,0,0,0,0,0,55536,50798,46642,316,717,578,138,2407,4738,4527,134,1618,312,90,2241,7,7,2,6,8,0,59,29,12,2,193,45,2,1,10,11,5,82,20,10,5,0,0,0,1,0,0,0,0,0,1,17,3,0,10,0,0,0,3,1,0,0,0,0,0,0,0,1,0,0,0,1,0,0,0,0,55536,5742,49794,46926,45178,289,520,572,133,234,2868,2763,134,1490,298,81,703,4,7,2,4,4,0,1,26,7,2,101,40,2,1,5,9,5,13,20,5,0,0,0,0,1,0,0,0,0,0,0,4,3,0,0,0,0,0,1,0,0,0,0,0,0,0,0,0,0,0,0,0,0,0,0,0,28626,27309,1317,430,84,0,1,83,0,346,0,0,346
PLST,OR,620,L6,00,000,0009067,620L600US41005,41005,4,9,41,01155107,005,2533877934,16987105,5,State House District 5,N,68317,32455,+42.1405487,-122.7801595,LL,41005,68317,61341,55694,531,705,1076,197,3138,6976,6489,494,1661,685,107,3337,19,7,1,39,16,3,30,47,38,5,455,103,23,0,18,55,12,147,72,16,5,0,0,0,1,0,0,2,0,0,1,26,6,0,10,0,0,0,5,1,4,0,0,0,0,0,0,6,4,0,0,1,1,0,0,0,68317,7917,60400,56400,53636,492,431,1054,176,611,4000,3723,458,1496,647,100,907,15,7,1,9,16,2,2,43,20,0,261,89,18,0,3,51,12,14,65,6,0,0,0,0,1,0,0,2,0,0,0,12,6,0,1,0,0,0,5,0,0,0,0,0,0,0,0,4,3,0,0,0,1,0,0,0,56664,51799,47377,412,555,916,164,2375,4865,4559,258,1280,428,70,2362,19,5,1,26,10,2,27,41,26,4,287,63,9,0,13,21,5,107,56,9,3,0,0,0,1,0,0,0,0,0,0,16,3,0,9,0,0,0,3,0,1,0,0,0,0,0,0,3,1,0,0,1,1,0,0,0,56664,5342,51322,48401,46094,390,352,901,150,514,2921,2752,243,1180,411,66,758,15,5,1,7,10,2,2,38,14,0,160,55,9,0,3,19,5,11,52,5,0,0,0,0,1,0,0,0,0,0,0,7,3,0,1,0,0,0,3,0,0,0,0,0,0,0,0,2,1,0,0,0,1,0,0,0,32455,29857,2598,1358,51,51,0,0,0,1307,1183,0,124
PLST,OR,620,L6,00,000,0009068,620L600US41006,41006,4,9,41,01155107,006,62241812,86258,6,State House District 6,N,70874,29405,+42.3415136,-122.8542884,LL,41006,70874,61830,53498,761,1004,1466,468,4633,9044,8497,574,1973,742,171,4827,22,13,8,35,14,5,61,28,22,2,487,80,12,1,49,66,4,141,87,38,8,0,0,0,0,1,0,0,0,0,0,56,6,0,28,1,0,3,2,10,2,3,0,1,0,0,0,4,2,0,0,1,1,0,0,0,70874,12356,58518,53844,50338,690,583,1417,436,380,4674,4385,509,1737,671,139,1219,21,10,8,13,9,5,2,28,12,2,261,72,10,0,16,62,4,7,77,9,4,0,0,0,0,0,0,0,0,0,0,28,5,0,14,1,0,2,2,4,0,0,0,0,0,0,0,0,0,0,0,0,0,0,0,0,54840,48978,42916,553,743,1195,328,3243,5862,5546,286,1418,399,96,3204,18,7,0,20,11,2,46,21,16,2,277,46,1,0,22,39,0,104,46,13,6,0,0,0,0,0,0,0,0,0,0,37,6,0,18,0,0,2,2,4,1,3,0,1,0,0,0,2,2,0,0,0,0,0,0,0,54840,7867,46973,43821,41101,520,454,1161,307,278,3152,2989,265,1303,360,87,901,17,5,0,10,6,2,2,21,8,2,143,40,1,0,12,39,0,7,38,2,4,0,0,0,0,0,0,0,0,0,0,20,5,0,12,0,0,1,2,0,0,0,0,0,0,0,0,0,0,0,0,0,0,0,0,0,29405,28010,1395,1459,775,234,26,515,0,684,0,0,684
PLST,OR,620,L6,00,000,0009069,620L600US41007,41007,4,9,41,01155107,007,14559644872,131011865,7,State House District 7,N,66786,29952,+43.5802259,-122.6915437,LL,41007,66786,60620,57137,265,1034,567,90,1527,6166,5830,253,2412,406,124,2487,27,9,8,4,5,0,37,37,16,5,306,62,10,4,19,47,22,76,40,11,8,4,0,0,1,0,0,0,0,0,2,24,5,1,10,0,4,0,2,0,0,1,1,0,0,0,0,3,0,0,1,0,2,0,3,3,66786,4391,62395,57809,55753,246,843,543,80,344,4586,4385,239,2275,364,109,1315,17,7,8,2,3,0,4,32,10,0,188,47,9,4,8,43,20,11,34,7,1,2,0,0,1,0,0,0,0,0,1,11,3,0,6,0,0,0,2,0,0,0,0,0,0,0,0,2,0,0,0,0,2,0,0,0,54138,49685,46985,226,809,486,67,1112,4453,4266,133,1885,261,63,1820,16,4,3,2,2,0,34,27,11,5,171,45,2,0,11,17,9,50,28,6,2,0,0,0,1,0,0,0,0,0,0,12,2,1,5,0,2,0,1,0,0,0,1,0,0,0,0,1,0,0,1,0,0,0,3,3,54138,2863,51275,47814,46116,216,674,463,61,284,3461,3347,128,1812,236,62,1047,13,4,3,0,2,0,4,26,10,0,108,37,2,0,7,17,7,9,25,3,0,0,0,0,1,0,0,0,0,0,0,6,1,0,4,0,0,0,1,0,0,0,0,0,0,0,0,0,0,0,0,0,0,0,0,0,29952,27297,2655,381,145,0,22,113,10,236,0,0,236
PLST,OR,620,L6,00,000,0009070,620L600US41008,41008,4,9,41,01155107,008,1579883873,36862495,8,State House District 8,N,67508,30469,+43.9437515,-123.3635718,LL,41008,67508,60755,55578,834,602,2031,106,1604,6753,6176,564,1641,1140,152,2432,38,21,4,52,20,7,34,41,29,1,518,113,53,5,39,54,16,129,68,25,12,1,0,2,0,0,0,0,0,0,1,51,6,4,28,3,1,0,5,1,0,2,0,1,0,0,0,7,0,3,2,0,2,0,1,1,67508,4857,62651,57929,54084,784,451,1997,97,516,4722,4403,512,1419,1093,139,1089,30,21,3,21,18,5,3,39,10,1,291,97,40,5,8,44,9,8,64,11,5,0,0,0,0,0,0,0,0,0,0,22,4,3,5,3,0,0,5,0,0,2,0,0,0,0,0,5,0,3,2,0,0,0,1,1,56471,51756,47434,679,470,1780,78,1315,4715,4366,322,1238,729,87,1806,27,20,4,40,12,6,16,39,19,1,315,69,26,1,21,33,9,89,47,12,8,0,0,0,0,0,0,0,0,0,0,29,5,0,14,3,0,0,5,1,0,0,0,1,0,0,0,4,0,3,0,0,1,0,1,1,56471,3536,52935,49596,46354,638,350,1753,69,432,3339,3139,300,1086,700,85,843,21,20,3,17,12,4,2,38,7,1,180,64,18,1,8,26,7,4,43,4,5,0,0,0,0,0,0,0,0,0,0,16,3,0,5,3,0,0,5,0,0,0,0,0,0,0,0,3,0,3,0,0,0,0,1,1,30469,28796,1673,748,416,0,0,416,0,332,0,0,332
PLST,OR,620,L6,00,000,0009071,620L600US41009,41009,4,9,41,01155107,009,3829325369,857215393,9,State House District 9,N,66413,34442,+43.8904849,-123.9614722,LL,41009,66413,60685,56444,300,1326,872,149,1594,5728,5405,307,2395,493,156,1878,14,11,3,13,13,15,33,55,9,10,297,69,7,7,16,54,16,64,38,7,9,1,0,1,0,1,1,4,1,0,1,14,7,0,3,1,1,0,0,0,0,1,1,0,0,0,0,8,5,1,0,0,2,0,4,4,66413,4390,62023,57804,55000,274,1157,850,139,384,4219,4023,279,2199,466,136,828,11,11,3,6,12,12,6,52,2,0,182,62,6,4,4,43,15,12,32,1,1,0,0,0,0,0,0,0,1,0,1,11,7,0,2,1,0,0,0,0,0,0,1,0,0,0,0,2,2,0,0,0,0,0,1,1,55423,51358,48097,238,990,754,114,1165,4065,3869,149,1796,281,78,1423,5,10,0,10,13,13,26,47,9,9,178,51,1,6,4,30,12,40,22,5,3,1,0,0,0,1,1,0,0,0,1,7,3,0,2,1,0,0,0,0,0,0,1,0,0,0,0,7,4,1,0,0,2,0,4,4,55423,2951,52472,49383,47158,220,880,736,106,283,3089,2969,141,1696,274,69,696,5,10,0,5,12,10,5,44,2,0,111,45,0,3,3,24,11,4,19,1,0,0,0,0,0,0,0,0,0,0,1,6,3,0,1,1,0,0,0,0,0,0,1,0,0,0,0,2,2,0,0,0,0,0,1,1,34442,29314,5128,1278,511,280,16,215,0,767,122,19,626
PLST,OR,620,L6,00,000,0009072,620L600US41010,41010,4,9,41,01155107,010,4783532866,895970671,10,State House District 10,N,69589,41583,+44.8920538,-123.8608883,LL,41010,69589,62982,55594,554,3031,918,112,2773,6607,6213,277,2491,492,113,2615,29,15,15,11,21,18,44,37,20,15,358,65,22,13,8,59,9,97,62,7,4,1,0,2,5,3,0,0,1,0,0,26,8,2,7,1,2,0,4,1,0,1,0,0,0,0,0,9,2,6,0,1,0,0,1,1,69589,6795,62794,58274,53688,537,2684,898,107,360,4520,4274,270,2318,462,108,975,25,14,13,5,12,15,12,33,7,5,224,62,22,12,7,47,2,9,54,1,0,1,0,0,4,3,0,0,0,0,0,15,2,0,7,1,1,0,4,0,0,0,0,0,0,0,0,6,2,3,0,1,0,0,1,1,57974,53359,47867,481,2184,825,94,1908,4615,4401,150,1835,287,67,1892,21,8,6,8,19,17,33,35,18,5,201,40,7,12,1,32,2,66,27,4,3,0,0,2,5,0,0,0,0,0,0,9,4,0,2,1,1,0,1,0,0,0,0,0,0,0,0,3,2,0,0,1,0,0,1,1,57974,4528,53446,50171,46554,473,1952,809,90,293,3275,3137,147,1751,280,64,784,20,7,4,5,10,14,7,32,7,5,129,38,7,11,0,32,2,9,25,1,0,0,0,0,4,0,0,0,0,0,0,5,0,0,2,1,1,0,1,0,0,0,0,0,0,0,0,3,2,0,0,1,0,0,1,1,41583,29410,12173,2680,2144,1914,57,173,0,536,212,11,313
PLST,OR,620,L6,00,000,0009073,620L600US41011,41011,4,9,41,01155107,011,2096780166,11643625,11,State House District 11,N,69883,27392,+44.2513199,-122.9239750,LL,41011,69883,63571,58068,585,733,2140,131,1914,6312,5844,469,1699,1159,129,2206,28,19,6,31,13,5,23,37,19,1,439,122,21,5,29,43,11,80,85,31,4,0,2,2,0,0,0,1,0,0,3,29,6,0,11,0,2,0,8,2,0,0,0,0,0,0,0,0,0,0,0,0,0,0,0,0,69883,5109,64774,60255,56469,544,584,2099,124,435,4519,4237,418,1570,1118,119,879,26,19,5,15,13,5,3,36,11,0,270,101,19,5,5,38,7,6,78,8,1,0,2,0,0,0,0,0,0,0,0,12,5,0,1,0,0,0,6,0,0,0,0,0,0,0,0,0,0,0,0,0,0,0,0,0,58061,53537,48874,489,571,1945,117,1541,4524,4204,291,1270,780,98,1614,26,16,2,24,13,2,21,27,19,1,308,92,9,3,19,20,7,66,64,23,2,0,0,0,0,0,0,1,0,0,2,12,1,0,7,0,0,0,2,2,0,0,0,0,0,0,0,0,0,0,0,0,0,0,0,0,58061,3709,54352,51046,47720,470,478,1913,111,354,3306,3110,279,1208,763,96,656,24,16,1,12,13,2,3,26,11,0,194,83,8,3,5,15,5,6,61,8,0,0,0,0,0,0,0,0,0,0,0,2,1,0,1,0,0,0,0,0,0,0,0,0,0,0,0,0,0,0,0,0,0,0,0,0,27392,25932,1460,5702,124,0,30,94,0,5578,5240,0,338
PLST,OR,620,L6,00,000,0009074,620L600US41012,41012,4,9,41,01155107,012,43088663,89422,12,State House District 12,N,65702,27071,+44.0578970,-122.9830593,LL,41012,65702,58502,51422,787,927,1004,272,4090,7200,6709,654,2253,699,124,2745,26,27,8,30,10,6,45,59,14,9,441,109,30,2,35,30,21,106,79,24,1,2,1,1,0,0,0,0,0,0,0,43,13,5,8,4,0,0,10,1,0,1,1,0,0,0,0,6,4,0,1,0,1,0,1,1,65702,9334,56368,51825,48868,723,675,959,251,349,4543,4283,615,2028,647,108,750,14,24,7,13,6,4,0,59,4,4,228,83,19,2,11,18,12,11,65,6,0,0,1,0,0,0,0,0,0,0,0,28,9,3,2,4,0,0,10,0,0,0,0,0,0,0,0,4,4,0,0,0,0,0,0,0,51448,46699,41526,572,729,845,217,2810,4749,4506,277,1679,390,56,1928,21,13,7,27,4,5,32,51,9,7,217,52,10,0,9,17,14,64,33,16,1,0,1,0,0,0,0,0,0,0,0,22,8,1,3,4,0,0,3,1,0,1,1,0,0,0,0,3,1,0,1,0,1,0,1,1,51448,5999,45449,42380,40031,533,540,819,200,257,3069,2946,272,1535,367,49,621,10,13,7,11,3,3,0,51,2,2,107,42,4,0,3,14,9,4,27,3,0,0,1,0,0,0,0,0,0,0,0,15,7,0,1,4,0,0,3,0,0,0,0,0,0,0,0,1,1,0,0,0,0,0,0,0,27071,26176,895,761,274,20,0,254,0,487,0,0,487
PLST,OR,620,L6,00,000,0009075,620L600US41013,41013,4,9,41,01155107,013,58108831,1427110,13,State House District 13,N,69847,32847,+44.0870486,-123.0938064,LL,41013,69847,62756,55488,1199,747,2565,216,2541,7091,6416,621,1756,1203,151,2405,52,24,11,51,9,3,63,41,15,11,617,165,59,1,38,69,18,141,92,18,9,0,1,2,0,0,0,1,0,0,3,47,5,6,20,1,2,0,7,4,0,0,0,2,0,0,0,10,9,1,0,0,0,0,1,1,69847,6682,63165,58455,53598,1133,543,2511,204,466,4710,4330,563,1562,1143,133,767,41,23,11,23,8,2,1,40,6,7,350,115,42,1,15,58,14,18,84,1,1,0,1,0,0,0,0,0,0,0,0,19,2,0,10,1,0,0,6,0,0,0,0,0,0,0,0,10,9,1,0,0,0,0,1,1,57973,53179,47300,977,596,2213,178,1915,4794,4432,347,1350,680,89,1755,36,23,11,35,4,3,43,34,11,11,326,89,20,1,13,41,3,100,46,10,1,0,1,0,0,0,0,1,0,0,0,28,2,4,11,1,2,0,2,4,0,0,0,2,0,0,0,7,6,1,0,0,0,0,1,1,57973,4717,53256,50019,45940,932,440,2169,167,371,3237,3046,325,1235,649,81,628,30,22,11,12,4,2,1,33,6,7,176,56,15,1,7,36,2,14,44,0,0,0,1,0,0,0,0,0,0,0,0,7,0,0,5,1,0,0,1,0,0,0,0,0,0,0,0,7,6,1,0,0,0,0,1,1,32847,31286,1561,1965,560,274,64,160,62,1405,0,0,1405
PLST,OR,620,L6,00,000,0009076,620L600US41014,41014,4,9,41,01155107,014,243079624,1874594,14,State House District 14,N,72380,28483,+44.2284597,-123.3168327,LL,41014,72380,64552,56618,1070,1099,1529,236,4000,7828,7255,745,2358,878,176,2804,71,21,9,32,10,3,60,63,20,5,530,119,27,6,29,62,16,131,104,22,9,1,0,3,0,0,0,0,0,0,1,35,5,4,6,5,5,0,8,1,0,1,0,0,0,0,0,8,1,3,2,0,2,0,0,0,72380,9298,63082,58000,54226,988,676,1490,225,395,5082,4738,675,2076,819,162,822,60,20,9,9,10,3,3,63,3,4,320,99,20,6,9,53,8,18,98,8,0,1,0,0,0,0,0,0,0,0,0,20,4,1,0,5,1,0,8,0,0,1,0,0,0,0,0,4,1,3,0,0,0,0,0,0,57438,52266,46366,825,866,1273,194,2742,5172,4873,337,1761,484,99,1973,53,15,8,20,8,2,52,40,16,5,275,58,9,1,14,36,11,78,53,8,6,1,0,0,0,0,0,0,0,0,0,16,1,3,4,3,2,0,2,1,0,0,0,0,0,0,0,8,1,3,2,0,2,0,0,0,57438,6108,51330,47928,44886,780,545,1248,186,283,3402,3211,298,1600,462,91,628,46,14,8,5,8,2,2,40,3,4,181,54,9,1,7,30,5,18,51,5,0,1,0,0,0,0,0,0,0,0,0,6,1,0,0,3,0,0,2,0,0,0,0,0,0,0,0,4,1,3,0,0,0,0,0,0,28483,27495,988,3463,190,0,4,99,87,3273,0,0,3273
PLST,OR,620,L6,00,000,0009077,620L600US41015,41015,4,9,41,01155107,015,517343089,8286102,15,State House District 15,N,71856,29194,+44.6085595,-123.0905709,LL,41015,71856,64344,58025,538,963,1186,195,3437,7512,7052,421,1918,758,132,3614,19,15,11,23,4,3,86,37,8,3,424,85,11,7,38,45,7,104,81,31,7,0,5,1,1,0,0,1,0,0,0,35,6,4,11,2,0,0,5,4,0,1,0,2,0,0,0,1,0,1,0,0,0,0,0,0,71856,9174,62682,58466,55624,494,635,1163,185,365,4216,3989,381,1771,716,114,903,19,14,7,10,2,3,6,36,7,0,216,61,11,7,9,27,6,3,75,10,1,0,5,0,1,0,0,0,0,0,0,11,2,1,1,2,0,0,4,0,0,0,0,1,0,0,0,0,0,0,0,0,0,0,0,0,56106,51191,46531,399,741,1021,156,2343,4915,4644,212,1383,412,63,2412,13,14,4,19,1,0,68,35,6,2,245,49,3,0,22,19,5,79,52,12,4,0,0,0,0,0,0,0,0,0,0,25,4,1,11,1,0,0,5,0,0,1,0,2,0,0,0,1,0,1,0,0,0,0,0,0,56106,5854,50252,47412,45145,373,484,1001,148,261,2840,2710,197,1298,389,58,686,13,14,2,10,1,0,3,34,5,0,122,37,3,0,7,13,5,3,48,5,1,0,0,0,0,0,0,0,0,0,0,8,0,1,1,1,0,0,4,0,0,0,0,1,0,0,0,0,0,0,0,0,0,0,0,0,29194,27972,1222,980,562,196,99,262,5,418,0,0,418
PLST,OR,620,L6,00,000,0009078,620L600US41016,41016,4,9,41,01155107,016,125144436,1013856,16,State House District 16,N,69909,29922,+44.5795979,-123.3056107,LL,41016,69909,63169,52906,847,627,5975,247,2567,6740,6294,520,1245,1420,184,2726,21,22,2,32,0,5,34,55,26,2,407,69,37,1,41,38,0,85,102,22,0,2,2,1,4,3,0,0,0,0,0,34,5,0,10,3,1,0,1,11,0,3,0,0,0,0,0,4,3,1,0,0,0,0,1,1,69909,6771,63138,58738,50973,798,381,5934,232,420,4400,4141,487,1106,1358,170,906,9,22,1,13,0,5,2,49,13,0,250,51,36,1,18,29,0,5,91,8,0,2,2,0,4,3,0,0,0,0,0,8,5,0,0,3,0,0,0,0,0,0,0,0,0,0,0,1,0,1,0,0,0,0,0,0,59732,54743,45981,707,461,5363,208,2023,4989,4670,328,980,997,116,2090,14,20,2,23,0,4,30,50,16,0,286,50,21,1,24,27,0,64,76,17,0,1,0,1,4,0,0,0,0,0,0,28,0,0,10,2,1,0,1,11,0,3,0,0,0,0,0,4,3,1,0,0,0,0,1,1,59732,5050,54682,51425,44569,675,298,5329,207,347,3257,3075,307,886,960,107,717,6,20,1,11,0,4,1,45,10,0,179,41,20,1,13,21,0,5,65,8,0,1,0,0,4,0,0,0,0,0,0,2,0,0,0,2,0,0,0,0,0,0,0,0,0,0,0,1,0,1,0,0,0,0,0,0,29922,27787,2135,6366,204,28,11,165,0,6162,5453,0,709
PLST,OR,620,L6,00,000,0009079,620L600US41017,41017,4,9,41,01155107,017,5859463291,51711439,17,State House District 17,N,70891,28934,+44.5754116,-122.3650627,LL,41017,70891,65028,61016,277,889,622,132,2092,5863,5528,318,2397,442,150,2114,13,5,11,8,11,0,28,23,8,0,301,66,16,8,15,38,11,76,55,5,5,3,2,1,0,0,0,0,0,0,0,28,3,5,4,2,0,1,10,2,0,0,0,1,0,0,0,5,2,1,0,2,0,0,1,1,70891,5325,65566,61356,59275,259,732,598,125,367,4210,3999,290,2225,414,140,865,13,5,9,1,10,0,1,22,4,0,191,52,16,8,5,30,11,8,55,0,1,3,2,0,0,0,0,0,0,0,0,15,0,5,1,1,0,0,8,0,0,0,0,0,0,0,0,4,2,0,0,2,0,0,1,1,55284,51325,48402,179,697,521,88,1438,3959,3773,155,1730,236,81,1497,5,3,7,6,7,0,17,22,7,0,174,36,10,0,7,24,7,43,36,4,4,3,0,0,0,0,0,0,0,0,0,11,3,2,4,1,0,0,0,0,0,0,0,1,0,0,0,0,0,0,0,0,0,0,1,1,55284,3338,51946,49018,47384,169,596,509,82,278,2928,2806,149,1657,218,77,657,5,3,7,1,6,0,1,22,3,0,117,33,10,0,3,20,7,4,36,0,1,3,0,0,0,0,0,0,0,0,0,4,0,2,1,1,0,0,0,0,0,0,0,0,0,0,0,0,0,0,0,0,0,0,1,1,28934,26769,2165,865,512,0,0,512,0,353,0,0,353
PLST,OR,620,L6,00,000,0009080,620L600US41018,41018,4,9,41,01155107,018,3556343635,9609394,18,State House District 18,N,69173,25213,+45.0622735,-122.3362604,LL,41018,69173,62280,54314,309,927,785,128,5817,6893,6558,245,1515,525,111,3962,24,5,7,14,4,6,72,44,17,7,307,50,12,4,16,32,5,119,43,17,2,1,0,0,1,1,0,1,2,0,1,20,3,1,9,0,0,0,4,3,0,0,0,0,0,0,0,8,2,4,0,2,0,0,0,0,69173,11694,57479,54116,52137,275,464,755,107,378,3363,3219,209,1374,476,105,972,17,3,7,3,3,3,1,40,5,1,135,38,10,3,3,23,3,10,41,1,0,0,0,0,1,1,0,1,0,0,0,8,3,0,1,0,0,0,4,0,0,0,0,0,0,0,0,1,0,0,0,1,0,0,0,0,52514,48015,42543,209,681,629,89,3864,4499,4309,103,1122,273,66,2631,17,1,3,11,3,4,41,27,4,3,177,21,7,2,14,13,3,78,25,7,2,1,0,0,1,1,0,1,0,0,1,7,0,0,7,0,0,0,0,0,0,0,0,0,0,0,0,6,2,3,0,1,0,0,0,0,52514,7403,45111,42800,41303,188,349,613,75,272,2311,2233,94,1044,259,63,724,14,0,3,2,3,1,0,23,3,0,76,17,7,1,2,7,3,10,25,1,0,0,0,0,1,1,0,1,0,0,0,1,0,0,1,0,0,0,0,0,0,0,0,0,0,0,0,1,0,0,0,1,0,0,0,0,25213,24077,1136,607,294,0,0,293,1,313,57,0,256
PLST,OR,620,L6,00,000,0009081,620L600US41019,41019,4,9,41,01155107,019,193519915,281380,19,State House District 19,N,74916,28280,+44.8766815,-122.9734810,LL,41019,74916,67029,56116,1017,1085,2253,742,5816,7887,7304,595,1743,886,188,3646,10,12,4,39,4,4,79,51,34,9,526,136,28,5,45,50,5,130,89,29,2,0,0,4,1,2,0,0,0,0,0,54,5,2,28,2,0,0,11,5,1,0,0,0,0,0,0,3,0,3,0,0,0,0,0,0,74916,12586,62330,58063,53043,942,751,2226,715,386,4267,3984,528,1610,826,174,765,8,9,4,5,3,4,1,42,4,1,265,107,24,4,5,37,3,2,72,5,0,0,0,3,1,2,0,0,0,0,0,18,5,1,0,2,0,0,10,0,0,0,0,0,0,0,0,0,0,0,0,0,0,0,0,0,57774,52762,44831,791,805,1782,476,4077,5012,4713,241,1291,461,113,2442,8,6,0,25,2,2,59,45,12,6,274,65,6,1,23,38,3,77,47,10,2,0,0,0,1,1,0,0,0,0,0,23,4,1,16,0,0,0,1,0,1,0,0,0,0,0,0,2,0,2,0,0,0,0,0,0,57774,8018,49756,46979,43156,751,561,1767,460,284,2777,2629,230,1232,436,105,561,7,5,0,5,2,2,1,41,1,1,142,52,6,0,2,28,3,2,44,3,0,0,0,0,1,1,0,0,0,0,0,6,4,1,0,0,0,0,1,0,0,0,0,0,0,0,0,0,0,0,0,0,0,0,0,0,28280,26998,1282,3205,2053,1946,4,103,0,1152,483,0,669
PLST,OR,620,L6,00,000,0009082,620L600US41020,41020,4,9,41,01155107,020,126309664,4932626,20,State House District 20,N,75143,29267,+44.9020653,-123.1155449,LL,41020,75143,66561,57297,889,955,2018,442,4960,8582,7986,618,1751,990,199,4129,26,22,3,50,17,5,67,82,22,5,546,79,27,4,30,74,16,158,101,35,3,2,0,1,1,1,0,1,9,0,4,44,13,1,15,0,0,0,9,4,0,1,1,0,0,0,0,6,1,2,0,3,0,0,0,0,75143,12557,62586,57995,53773,839,656,1948,421,358,4591,4264,564,1556,928,191,855,21,21,3,17,13,5,6,76,7,1,303,66,24,4,5,72,13,20,89,4,2,2,0,0,0,1,0,0,1,0,0,21,4,1,6,0,0,0,9,0,0,0,1,0,0,0,0,3,0,0,0,3,0,0,0,0,57736,52285,45548,617,703,1628,321,3468,5451,5118,277,1244,557,108,2727,17,16,2,20,14,5,47,64,15,5,298,42,5,0,13,40,13,106,59,5,2,2,0,1,0,1,0,1,6,0,2,29,4,1,14,0,0,0,5,3,0,1,1,0,0,0,0,6,1,2,0,3,0,0,0,0,57736,8064,49672,46693,43438,588,510,1582,306,269,2979,2792,269,1141,528,105,624,14,16,2,4,13,5,4,63,3,1,167,37,4,0,4,39,10,14,54,0,2,2,0,0,0,1,0,0,0,0,0,17,4,1,6,0,0,0,5,0,0,0,1,0,0,0,0,3,0,0,0,3,0,0,0,0,29267,27926,1341,1900,384,0,56,276,52,1516,1100,0,416
PLST,OR,620,L6,00,000,0009083,620L600US41021,41021,4,9,41,01155107,021,33034786,299418,21,State House District 21,N,69454,25434,+44.9441271,-122.9977755,LL,41021,69454,60699,42762,1271,1389,2091,1258,11928,8755,8271,508,1530,602,124,5153,21,10,7,66,23,5,122,69,19,12,445,77,10,13,38,30,11,157,79,20,0,4,1,1,1,1,0,1,0,0,1,31,4,3,9,3,2,1,8,1,0,0,0,0,0,0,0,7,1,5,0,1,0,0,1,1,69454,22917,46537,43313,37831,1169,727,2015,1225,346,3224,3010,445,1294,555,117,470,17,10,6,7,18,5,0,61,3,2,196,57,7,9,5,27,6,5,73,1,0,3,0,1,1,1,0,0,0,0,0,16,4,0,3,3,1,1,4,0,0,0,0,0,0,0,0,1,0,1,0,0,0,0,1,1,54113,48331,35608,986,1055,1766,845,8071,5782,5462,282,1140,369,64,3348,13,9,2,35,15,2,100,62,14,7,300,49,6,9,17,19,8,119,57,12,0,3,0,0,0,0,0,1,0,0,0,16,3,0,8,1,1,0,2,1,0,0,0,0,0,0,0,3,0,3,0,0,0,0,1,1,54113,14679,39434,37113,32774,944,600,1723,820,252,2321,2174,259,1021,358,64,374,12,9,2,3,10,2,0,56,2,2,136,39,5,5,4,18,6,4,51,1,0,3,0,0,0,0,0,0,0,0,0,10,3,0,3,1,1,0,2,0,0,0,0,0,0,0,0,0,0,0,0,0,0,0,1,1,25434,24289,1145,5050,2663,2009,51,117,486,2387,1729,0,658
PLST,OR,620,L6,00,000,0009084,620L600US41022,41022,4,9,41,01155107,022,89277252,174701,22,State House District 22,N,68566,23515,+45.0666997,-122.9412469,LL,41022,68566,56977,32293,853,2463,987,1179,19202,11589,11093,370,1202,390,78,8506,21,19,4,87,9,7,286,88,19,7,461,72,20,4,70,23,7,197,49,7,3,0,1,1,0,0,0,4,1,0,2,31,9,0,9,2,4,0,4,3,0,0,0,0,0,0,0,4,3,1,0,0,0,0,0,0,68566,36479,32087,29637,26048,743,531,939,1118,258,2450,2280,325,945,361,66,446,13,17,4,4,8,7,0,77,5,2,154,45,16,4,11,21,3,5,45,1,0,0,0,0,0,0,0,2,1,0,0,16,9,0,0,2,3,0,2,0,0,0,0,0,0,0,0,0,0,0,0,0,0,0,0,0,49435,41985,25538,572,1736,808,693,12638,7450,7156,187,876,198,45,5465,13,7,4,47,8,5,226,56,14,5,270,40,6,1,23,9,3,143,34,3,3,0,0,1,0,0,0,2,0,0,2,22,4,0,9,2,3,0,2,2,0,0,0,0,0,0,0,2,2,0,0,0,0,0,0,0,49435,23263,26172,24500,21942,532,426,781,672,147,1672,1574,168,744,186,44,346,9,6,4,2,7,5,0,46,5,2,87,27,6,1,5,8,3,3,32,0,0,0,0,0,0,0,0,2,0,0,0,11,4,0,0,2,3,0,2,0,0,0,0,0,0,0,0,0,0,0,0,0,0,0,0,0,23515,22567,948,753,375,0,195,180,0,378,0,0,378
PLST,OR,620,L6,00,000,0009085,620L600US41023,41023,4,9,41,01155107,023,3583803710,15394191,23,State House District 23,N,68692,26852,+44.7426838,-123.3699530,LL,41023,68692,62422,57560,254,1176,715,95,2622,6270,5933,311,2065,529,114,2775,20,4,2,17,5,5,43,24,17,2,306,42,11,3,34,40,3,85,55,19,6,0,2,1,0,0,0,0,4,0,1,27,7,0,9,0,0,0,3,3,0,2,3,0,0,0,0,3,1,1,0,1,0,0,1,1,68692,6539,62153,58134,55815,220,968,681,86,364,4019,3849,276,1920,489,109,992,12,4,2,2,4,5,7,18,7,2,157,35,11,3,13,37,0,6,41,3,3,0,2,0,0,0,0,0,2,0,1,12,3,0,2,0,0,0,3,1,0,0,3,0,0,0,0,1,0,0,0,1,0,0,0,0,53940,49749,46244,169,864,589,60,1823,4191,3984,119,1488,294,79,1913,14,3,0,12,5,2,27,21,7,0,190,19,2,0,14,29,3,61,45,10,3,0,2,1,0,0,0,0,0,0,1,15,4,0,3,0,0,0,3,1,0,1,3,0,0,0,0,1,0,0,0,1,0,0,1,1,53940,4121,49819,47038,45261,154,729,572,56,266,2781,2667,110,1435,281,77,718,10,3,0,2,4,2,5,18,2,0,102,18,2,0,7,27,0,6,35,2,2,0,2,0,0,0,0,0,0,0,1,11,3,0,2,0,0,0,3,0,0,0,3,0,0,0,0,1,0,0,0,1,0,0,0,0,26852,25550,1302,445,284,35,17,232,0,161,0,0,161
PLST,OR,620,L6,00,000,0009086,620L600US41024,41024,4,9,41,01155107,024,852002005,1677939,24,State House District 24,N,69706,26379,+45.3595927,-123.1800292,LL,41024,69706,62097,52218,608,919,1545,181,6626,7609,7189,406,1575,736,117,4098,11,29,9,37,6,3,74,54,27,7,376,61,16,2,16,38,6,103,88,26,10,2,2,1,3,1,0,0,0,0,1,40,5,0,17,0,0,0,7,4,0,7,0,0,0,0,0,3,3,0,0,0,0,0,1,1,69706,13508,56198,52458,49278,571,510,1506,169,424,3740,3519,374,1405,694,114,816,8,25,9,6,2,3,5,51,3,4,205,50,12,2,7,34,3,7,81,0,1,2,2,0,2,1,0,0,0,0,1,16,2,0,4,0,0,0,7,3,0,0,0,0,0,0,0,0,0,0,0,0,0,0,0,0,54357,49393,42287,441,676,1323,137,4529,4964,4705,189,1161,374,65,2735,7,16,6,23,4,3,61,40,17,4,239,38,8,0,3,30,3,76,60,13,3,2,0,0,1,1,0,0,0,0,1,18,2,0,8,0,0,0,3,0,0,5,0,0,0,0,0,1,1,0,0,0,0,0,1,1,54357,8807,45550,43073,40560,414,382,1288,130,299,2477,2339,181,1052,350,63,611,6,13,6,5,1,3,5,37,3,3,133,28,6,0,2,26,3,7,56,0,1,2,0,0,0,1,0,0,0,0,1,5,0,0,2,0,0,0,3,0,0,0,0,0,0,0,0,0,0,0,0,0,0,0,0,0,26379,25015,1364,2000,476,130,25,321,0,1524,1003,0,521
PLST,OR,620,L6,00,000,0009087,620L600US41025,41025,4,9,41,01155107,025,321174359,8099179,25,State House District 25,N,71446,27239,+45.1691058,-122.9699953,LL,41025,71446,63238,53837,662,972,1394,453,5920,8208,7650,518,1607,975,143,4078,34,16,8,35,10,11,117,65,24,9,520,78,25,5,40,48,9,181,72,39,8,1,4,4,1,2,0,1,0,0,2,28,3,1,10,1,4,0,2,6,0,1,0,0,0,0,0,7,3,4,0,0,0,0,3,3,71446,13349,58097,54030,50731,610,546,1342,442,359,4067,3828,469,1404,910,139,761,27,15,8,8,6,10,2,63,3,3,231,56,22,5,17,42,7,3,72,2,2,0,1,0,0,2,0,0,0,0,0,8,0,0,3,1,1,0,2,1,0,0,0,0,0,0,0,0,0,0,0,0,0,0,0,0,54974,49664,42918,456,749,1169,307,4065,5310,4988,240,1161,512,73,2781,26,6,3,27,6,10,69,54,14,6,299,35,9,1,18,32,8,116,52,15,6,0,0,4,0,1,0,0,0,0,2,15,3,0,6,1,0,0,1,3,0,1,0,0,0,0,0,5,1,4,0,0,0,0,3,3,54974,8582,46392,43733,41155,430,452,1135,304,257,2659,2515,222,1043,494,73,571,22,6,3,8,6,9,1,52,2,3,139,25,9,1,9,28,7,3,52,2,2,0,0,0,0,1,0,0,0,0,0,5,0,0,3,1,0,0,1,0,0,0,0,0,0,0,0,0,0,0,0,0,0,0,0,0,27239,26097,1142,2052,463,0,9,454,0,1589,1243,0,346
PLST,OR,620,L6,00,000,0009088,620L600US41026,41026,4,9,41,01155107,026,209051898,1046849,26,State House District 26,N,80716,30532,+45.3737232,-122.8577642,LL,41026,80716,72337,59461,1267,753,6403,362,4091,8379,7709,629,1158,1791,183,3615,16,35,5,46,8,2,59,112,42,8,594,66,38,10,37,71,2,139,174,47,2,1,0,0,2,2,0,1,0,0,2,65,9,1,20,11,2,0,12,4,1,5,0,0,0,0,0,11,3,6,0,1,1,0,0,0,80716,9882,70834,65945,57302,1209,430,6331,341,332,4889,4509,591,1020,1716,168,818,12,25,3,22,4,0,0,108,17,5,351,53,35,10,6,62,1,8,155,13,0,1,0,0,2,2,0,1,0,0,2,27,6,0,2,9,0,0,9,0,1,0,0,0,0,0,0,2,1,1,0,0,0,0,0,0,61149,56230,46643,941,571,5003,256,2816,4919,4539,293,785,769,110,2375,14,17,5,23,6,2,37,81,16,6,341,38,26,4,21,37,0,97,97,17,0,1,0,0,0,0,0,1,0,0,2,30,5,0,8,4,0,0,6,4,0,3,0,0,0,0,0,9,2,6,0,1,0,0,0,0,61149,6442,54707,51966,45322,901,344,4946,244,209,2741,2517,277,707,742,108,547,11,15,3,18,3,0,0,78,4,4,210,33,25,4,4,35,0,7,94,4,0,1,0,0,0,0,0,1,0,0,2,13,4,0,0,4,0,0,5,0,0,0,0,0,0,0,0,1,0,1,0,0,0,0,0,0,30532,29159,1373,2119,1919,1530,6,359,24,200,0,0,200
PLST,OR,620,L6,00,000,0009089,620L600US41027,41027,4,9,41,01155107,027,34767881,6852,27,State House District 27,N,67894,29549,+45.4669797,-122.7899358,LL,41027,67894,59886,47295,1569,603,5588,314,4517,8008,7428,739,986,1662,130,3523,49,47,3,60,15,11,52,98,38,15,533,104,52,6,51,33,2,111,125,28,7,3,0,3,3,5,0,0,0,0,0,43,11,0,10,2,3,0,6,3,0,6,0,0,2,0,0,4,2,2,0,0,0,0,0,0,67894,10066,57828,53218,45388,1487,197,5490,298,358,4610,4283,674,851,1578,113,823,41,44,3,20,12,11,1,87,19,6,311,87,51,6,6,29,1,4,114,3,2,3,0,0,2,3,0,0,0,0,0,14,7,0,0,1,0,0,3,0,0,2,0,0,1,0,0,2,2,0,0,0,0,0,0,0,54077,49017,39315,1211,460,4567,225,3239,5060,4739,395,723,824,86,2420,41,36,3,38,5,11,41,82,21,13,291,61,15,5,22,14,1,72,77,13,0,1,0,3,2,5,0,0,0,0,0,26,7,0,7,0,0,0,4,2,0,5,0,0,1,0,0,4,2,2,0,0,0,0,0,0,54077,6859,47218,44361,38070,1160,158,4512,217,244,2857,2687,378,642,791,79,604,36,35,3,13,2,11,0,74,13,6,159,46,15,5,3,13,1,2,69,0,0,1,0,0,1,3,0,0,0,0,0,9,4,0,0,0,0,0,3,0,0,2,0,0,0,0,0,2,2,0,0,0,0,0,0,0,29549,28098,1451,552,244,0,5,239,0,308,28,0,280
PLST,OR,620,L6,00,000,0009090,620L600US41028,41028,4,9,41,01155107,028,26179263,0,28,State House District 28,N,69308,25570,+45.4785737,-122.8580779,LL,41028,69308,60367,41720,2135,801,7117,475,8119,8941,8226,733,1081,1527,135,4187,33,42,19,89,14,3,123,144,75,21,635,123,35,21,51,53,13,132,138,55,1,5,1,3,0,3,0,0,0,0,1,75,11,0,26,6,2,2,10,7,0,10,0,0,1,0,0,5,3,1,0,1,0,0,0,0,69308,15517,53791,49240,39049,2042,302,7037,442,368,4551,4163,667,916,1457,123,718,19,42,19,19,12,3,0,135,23,10,354,92,34,19,11,46,12,2,123,5,1,5,1,0,0,3,0,0,0,0,0,33,7,0,10,6,0,2,6,0,0,2,0,0,0,0,0,1,1,0,0,0,0,0,0,0,53283,47674,33940,1455,644,5797,354,5484,5609,5205,318,782,779,78,2863,28,27,13,50,9,3,97,113,32,13,362,69,24,6,27,17,2,93,94,20,1,2,0,3,0,3,0,0,0,0,1,39,3,0,13,4,0,2,4,7,0,5,0,0,1,0,0,3,3,0,0,0,0,0,0,0,53283,10070,43213,40373,32354,1410,272,5737,334,266,2840,2618,302,708,770,71,556,19,27,13,10,9,3,0,106,16,8,205,59,24,6,6,16,1,1,84,2,1,2,0,0,0,3,0,0,0,0,0,16,2,0,2,4,0,2,4,0,0,2,0,0,0,0,0,1,1,0,0,0,0,0,0,0,25570,24809,761,635,205,0,4,201,0,430,0,0,430
PLST,OR,620,L6,00,000,0009091,620L600US41029,41029,4,9,41,01155107,029,83868679,397998,29,State House District 29,N,70361,23845,+45.5353165,-123.0516140,LL,41029,70361,60196,41658,942,1316,2237,291,13752,10165,9554,438,1250,841,137,6410,39,33,10,46,14,1,173,100,54,8,548,74,27,15,48,40,9,178,97,38,8,1,0,1,3,2,0,2,1,0,4,53,9,2,6,1,4,0,16,7,1,7,0,0,0,0,0,10,6,2,1,1,0,0,0,0,70361,26014,44347,40880,36970,844,322,2147,248,349,3467,3196,401,1080,769,124,634,32,31,7,10,7,1,3,85,11,1,245,56,23,13,10,32,9,7,80,7,0,1,0,0,3,1,0,1,0,0,2,23,3,1,3,1,1,0,13,0,1,0,0,0,0,0,0,3,3,0,0,0,0,0,0,0,52909,46336,33413,676,991,1842,221,9193,6573,6249,216,894,454,82,4266,31,21,2,24,4,1,134,77,36,7,292,26,9,5,27,17,7,116,51,18,4,1,0,1,1,2,0,2,1,0,4,24,3,1,5,1,3,0,9,1,0,1,0,0,0,0,0,8,6,1,1,0,0,0,0,0,52909,16901,36008,33730,30612,628,273,1783,194,240,2278,2134,210,789,435,80,488,26,19,0,4,3,1,2,73,4,0,128,22,9,5,9,15,7,5,43,7,0,1,0,0,1,1,0,1,0,0,2,13,2,1,2,1,0,0,7,0,0,0,0,0,0,0,0,3,3,0,0,0,0,0,0,0,23845,23087,758,2500,884,321,204,359,0,1616,1016,0,600
PLST,OR,620,L6,00,000,0009092,620L600US41030,41030,4,9,41,01155107,030,154585743,25503,30,State House District 30,N,79745,33340,+45.5780302,-122.9804660,LL,41030,79745,70674,47291,2567,771,12971,483,6591,9071,8243,744,1282,1680,134,3849,41,57,14,69,25,5,107,173,56,7,747,116,50,8,69,72,12,144,220,41,1,3,0,3,4,1,0,1,0,0,2,75,9,0,22,7,5,0,18,10,0,4,0,0,0,0,0,6,4,0,0,2,0,0,0,0,79745,13595,66150,61078,44564,2440,336,12868,442,428,5072,4614,659,1121,1570,123,812,28,55,10,18,20,5,4,164,24,1,437,90,43,8,13,61,11,6,195,3,1,2,0,0,3,0,0,1,0,0,0,17,6,0,1,7,0,0,3,0,0,0,0,0,0,0,0,4,4,0,0,0,0,0,0,0,62793,56821,38613,1908,585,10768,347,4600,5972,5478,372,978,910,74,2745,29,34,10,42,13,4,87,135,39,6,446,84,19,6,30,41,3,96,128,25,0,3,0,3,4,1,0,1,0,0,2,42,7,0,16,2,0,0,8,5,0,4,0,0,0,0,0,6,4,0,0,2,0,0,0,0,62793,9146,53647,50310,36879,1832,258,10708,323,310,3337,3056,341,896,867,67,645,19,32,8,16,10,4,4,129,17,1,267,73,16,6,7,32,2,6,118,1,0,2,0,0,3,0,0,1,0,0,0,10,6,0,0,2,0,0,2,0,0,0,0,0,0,0,0,4,4,0,0,0,0,0,0,0,33340,31788,1552,114,0,0,0,0,0,114,0,0,114
PLST,OR,620,L6,00,000,0009093,620L600US41031,41031,4,9,41,01155107,031,2257350210,93415556,31,State House District 31,N,75337,30383,+45.8824972,-123.0676617,LL,41031,75337,68759,58263,806,910,6954,164,1662,6578,6118,421,1967,997,137,2413,14,26,8,25,24,2,21,26,27,10,418,63,26,8,27,71,6,89,95,23,5,3,0,0,0,1,0,0,0,0,1,34,2,3,8,0,0,1,8,8,0,3,0,1,0,0,0,8,6,1,0,0,1,0,0,0,75337,4849,70488,65886,56899,763,734,6904,155,431,4602,4334,397,1785,958,129,950,10,26,8,10,19,2,1,21,18,0,250,51,19,8,10,61,6,13,72,2,4,3,0,0,0,0,0,0,0,0,1,16,1,3,3,0,0,1,8,0,0,0,0,0,0,0,0,2,1,0,0,0,1,0,0,0,58457,54282,46950,571,709,4735,123,1194,4175,3944,187,1482,465,60,1647,14,12,6,24,9,2,15,13,6,2,213,24,8,7,8,24,6,70,53,7,4,0,0,0,0,1,0,0,0,0,1,13,1,2,5,0,0,0,1,2,0,1,0,1,0,0,0,5,3,1,0,0,1,0,0,0,58457,3057,55400,52404,46118,551,590,4700,118,327,2996,2861,184,1382,447,57,724,10,12,6,10,9,2,1,13,4,0,127,20,6,7,2,20,6,13,46,2,4,0,0,0,0,0,0,0,0,0,1,7,1,2,3,0,0,0,1,0,0,0,0,0,0,0,0,1,0,0,0,0,1,0,0,0,30383,28629,1754,537,182,136,0,46,0,355,0,0,355
PLST,OR,620,L6,00,000,0009094,620L600US41032,41032,4,9,41,01155107,032,4617133867,859983098,32,State House District 32,N,70304,39120,+45.8174964,-123.6373619,LL,41032,70304,63758,58520,308,744,963,205,3018,6546,6169,322,1820,638,152,3053,13,8,10,26,7,8,24,65,18,5,329,67,19,7,22,28,13,63,65,19,4,3,1,6,4,1,0,2,4,0,1,39,1,2,7,2,1,1,21,0,0,2,0,1,1,0,0,7,2,3,1,0,1,0,2,2,70304,6995,63309,59239,56873,299,555,946,187,379,4070,3884,299,1702,614,145,1015,10,6,9,11,6,8,0,54,3,2,173,42,13,7,13,19,11,12,49,3,0,1,0,0,0,0,0,0,2,0,1,11,0,2,0,0,1,0,7,0,0,0,0,1,0,0,0,2,2,0,0,0,0,0,0,0,56676,52206,48384,264,544,846,156,2012,4470,4257,164,1405,344,78,2127,13,5,9,23,7,8,10,48,11,5,194,48,8,7,5,14,8,53,29,8,1,1,1,6,2,1,0,2,0,0,0,14,0,2,3,2,1,0,4,0,0,1,0,1,0,0,0,3,2,1,0,0,0,0,2,2,56676,4385,52291,49386,47414,260,419,830,155,308,2905,2793,160,1322,335,76,811,10,3,9,10,6,8,0,39,2,2,106,34,4,7,3,12,8,12,25,0,0,1,0,0,0,0,0,0,0,0,0,4,0,2,0,0,1,0,0,0,0,0,0,1,0,0,0,2,2,0,0,0,0,0,0,0,39120,29202,9918,874,374,244,0,122,8,500,76,100,324
PLST,OR,620,L6,00,000,0009095,620L600US41033,41033,4,9,41,01155107,033,50381561,1594498,33,State House District 33,N,82231,38420,+45.5409437,-122.7703161,LL,41033,82231,73975,52281,1639,372,17437,219,2027,8256,7620,724,846,2428,110,3125,48,56,11,66,19,0,30,111,42,4,583,87,64,13,64,37,9,101,122,67,0,3,1,8,2,0,0,3,0,0,2,50,4,1,19,2,3,1,13,6,0,1,0,0,0,0,0,3,2,1,0,0,0,0,0,0,82231,6067,76164,70667,50807,1567,244,17353,203,493,5497,5143,673,714,2354,102,1023,36,53,11,35,19,0,1,93,27,2,332,69,56,12,28,32,7,3,109,8,0,3,1,0,1,0,0,2,0,0,1,20,2,1,3,2,2,1,6,2,0,1,0,0,0,0,0,2,2,0,0,0,0,0,0,0,64749,59595,43464,1277,268,12848,155,1583,5154,4795,391,685,1113,72,2273,34,41,4,46,10,0,17,84,21,4,330,56,28,5,33,13,5,68,87,21,0,0,0,8,1,0,0,3,0,0,2,29,4,0,10,1,2,1,8,2,0,1,0,0,0,0,0,0,0,0,0,0,0,0,0,0,64749,4415,60334,57102,42378,1240,174,12789,148,373,3232,3030,372,582,1079,65,739,28,39,4,26,10,0,0,71,13,2,191,44,25,4,15,12,3,3,77,5,0,0,0,0,0,0,0,2,0,0,1,11,2,0,0,1,1,1,3,2,0,1,0,0,0,0,0,0,0,0,0,0,0,0,0,0,38420,35497,2923,654,156,0,20,53,83,498,81,0,417
PLST,OR,620,L6,00,000,0009096,620L600US41034,41034,4,9,41,01155107,034,41148210,22168,34,State House District 34,N,71479,30900,+45.5144177,-122.8242479,LL,41034,71479,62655,44841,1952,731,8781,365,5985,8824,8144,701,1042,1732,119,4053,44,44,17,90,18,7,89,140,33,15,609,77,47,11,38,52,7,157,144,57,5,2,1,1,1,4,0,1,0,0,4,66,13,0,14,6,8,0,17,6,0,2,0,0,0,0,0,5,3,2,0,0,0,0,0,0,71479,12654,58825,54155,42534,1880,308,8697,345,391,4670,4318,661,874,1621,110,781,34,37,13,23,12,7,1,127,11,6,315,58,43,11,12,41,6,9,116,10,0,2,1,0,1,4,0,1,0,0,0,37,7,0,4,6,2,0,17,0,0,1,0,0,0,0,0,0,0,0,0,0,0,0,0,0,57533,51702,37864,1540,573,7156,278,4291,5831,5436,418,781,945,66,2899,32,19,10,59,10,7,64,103,18,5,361,49,16,4,19,26,3,115,88,32,1,0,0,1,0,2,0,1,0,0,4,31,5,0,11,0,0,0,12,1,0,2,0,0,0,0,0,3,3,0,0,0,0,0,0,0,57533,8753,48780,45741,36317,1490,260,7106,262,306,3039,2841,395,678,901,58,624,23,16,10,17,8,7,1,92,8,3,179,34,16,4,7,18,2,8,83,4,0,0,0,0,0,2,0,1,0,0,0,19,3,0,3,0,0,0,12,0,0,1,0,0,0,0,0,0,0,0,0,0,0,0,0,0,30900,29470,1430,662,108,0,47,61,0,554,0,0,554
PLST,OR,620,L6,00,000,0009097,620L600US41035,41035,4,9,41,01155107,035,41113089,10496,35,State House District 35,N,70780,29706,+45.4308685,-122.7715665,LL,41035,70780,63281,51146,1480,595,5141,643,4276,7499,6898,661,1137,1611,135,3003,36,47,6,62,12,0,54,95,25,14,543,57,37,9,59,47,21,118,131,48,3,3,0,1,2,0,1,2,1,0,3,55,9,3,13,9,1,0,7,5,0,7,0,0,1,0,0,3,3,0,0,0,0,0,0,0,70780,8968,61812,57127,49400,1414,251,5073,614,375,4685,4362,611,1020,1534,119,860,34,46,5,22,9,0,2,84,10,6,305,48,35,9,11,37,18,5,124,9,0,3,0,0,2,0,0,1,0,0,3,17,6,2,1,4,0,0,4,0,0,0,0,0,0,0,0,1,1,0,0,0,0,0,0,0,56178,51387,42099,1042,455,4291,443,3057,4791,4477,367,879,797,98,2084,31,29,3,40,12,0,38,75,14,10,279,29,10,2,26,13,7,90,72,18,2,2,0,1,1,0,0,2,1,0,3,32,8,2,8,2,1,0,7,0,0,3,0,0,1,0,0,3,3,0,0,0,0,0,0,0,56178,6077,50101,47141,40966,996,195,4253,424,307,2960,2803,349,798,764,90,643,29,28,3,12,9,0,0,70,4,4,143,21,9,2,7,12,6,4,69,6,0,2,0,0,1,0,0,1,0,0,3,13,5,2,0,2,0,0,4,0,0,0,0,0,0,0,0,1,1,0,0,0,0,0,0,0,29706,28456,1250,435,151,0,14,137,0,284,0,0,284
PLST,OR,620,L6,00,000,0009098,620L600US41036,41036,4,9,41,01155107,036,30402344,1203329,36,State House District 36,N,73447,43781,+45.4987822,-122.7048839,LL,41036,73447,65957,55836,2257,811,4920,164,1969,7490,6873,726,1095,1900,113,2695,54,52,19,80,16,3,40,54,19,7,548,137,60,4,62,22,10,81,107,46,2,3,0,4,3,2,0,4,1,0,0,61,4,2,28,5,5,0,7,7,0,3,0,0,0,0,0,6,2,4,0,0,0,0,2,2,73447,5734,67713,62548,54195,2158,647,4844,150,554,5165,4797,667,990,1838,106,963,43,50,19,35,13,1,3,53,12,4,335,118,44,3,30,16,9,6,91,5,1,3,0,3,3,0,0,3,0,0,0,27,3,2,8,4,4,0,5,1,0,0,0,0,0,0,0,4,1,3,0,0,0,0,2,2,65249,59528,50338,2029,745,4526,133,1757,5721,5300,519,961,1248,84,2244,35,26,8,68,13,2,33,44,9,6,371,97,34,2,44,13,4,54,80,27,1,3,0,2,3,2,0,4,1,0,0,43,3,1,24,2,4,0,3,3,0,3,0,0,0,0,0,5,1,4,0,0,0,0,2,2,65249,4799,60450,56560,48941,1962,610,4461,126,460,3890,3624,487,874,1213,78,813,26,25,8,33,10,0,3,44,6,4,247,86,28,1,26,10,3,6,72,3,1,3,0,2,3,0,0,3,0,0,0,14,2,1,4,2,3,0,2,0,0,0,0,0,0,0,0,3,0,3,0,0,0,0,2,2,43781,39472,4309,3821,1008,357,42,596,13,2813,728,0,2085
PLST,OR,620,L6,00,000,0009099,620L600US41037,41037,4,9,41,01155107,037,113848510,4001502,37,State House District 37,N,71162,28504,+45.3499715,-122.6929458,LL,41037,71162,63495,55062,748,440,3304,447,3494,7667,7164,580,1165,1586,134,3376,27,18,8,42,14,1,62,114,30,7,461,54,42,6,52,49,3,93,107,39,8,2,0,0,1,0,0,0,4,0,1,35,7,0,13,0,4,0,7,3,0,1,0,0,0,0,0,6,4,0,0,0,2,0,1,1,71162,8331,62831,58240,53299,698,221,3264,430,328,4591,4315,535,1055,1521,123,885,21,14,8,21,9,0,1,108,12,2,258,47,36,6,19,36,3,1,99,7,0,2,0,0,1,0,0,0,0,0,1,14,5,0,1,0,1,0,7,0,0,0,0,0,0,0,0,4,4,0,0,0,0,0,0,0,54693,50096,43770,567,360,2644,313,2442,4597,4354,298,846,714,68,2205,23,12,3,29,12,0,42,88,12,2,224,32,14,0,21,24,3,49,55,13,8,2,0,0,1,0,0,0,1,0,1,14,1,0,7,0,1,0,3,1,0,1,0,0,0,0,0,4,4,0,0,0,0,0,1,1,54693,5350,49343,46622,42692,551,192,2619,307,261,2721,2587,282,790,691,68,612,18,8,3,15,9,0,1,83,6,1,126,27,13,0,9,16,3,1,53,0,0,2,0,0,1,0,0,0,0,0,1,4,1,0,0,0,0,0,3,0,0,0,0,0,0,0,0,4,4,0,0,0,0,0,0,0,28504,27314,1190,603,442,0,9,419,14,161,0,0,161
PLST,OR,620,L6,00,000,0009100,620L600US41038,41038,4,9,41,01155107,038,50781954,2884531,38,State House District 38,N,70614,30799,+45.4308851,-122.6961442,LL,41038,70614,63770,56092,1285,302,4708,168,1215,6844,6374,640,838,1942,135,2555,17,60,9,58,5,2,25,52,31,5,410,48,46,3,42,49,7,85,84,39,2,1,1,0,1,0,1,0,1,0,0,46,4,0,15,3,7,0,10,1,0,6,0,0,0,0,0,13,6,4,0,2,1,0,1,1,70614,4286,66328,61593,54931,1234,202,4657,164,405,4735,4484,604,751,1891,129,929,14,56,8,25,4,1,2,51,17,2,224,39,42,3,14,34,5,5,77,2,0,1,1,0,1,0,0,0,0,0,0,22,2,0,3,3,6,0,6,1,0,1,0,0,0,0,0,5,3,1,0,1,0,0,0,0,56436,52189,46234,928,227,3715,127,958,4247,3972,338,648,912,91,1803,10,35,5,37,5,1,20,46,17,4,245,29,19,2,22,27,4,56,58,25,1,0,1,0,0,0,0,0,1,0,0,21,1,0,8,2,0,0,6,0,0,4,0,0,0,0,0,9,4,3,0,2,0,0,0,0,56436,3069,53367,50558,45418,894,139,3679,125,303,2809,2654,324,592,878,88,644,9,31,5,19,4,1,2,45,11,1,144,23,19,2,13,19,3,5,58,1,0,0,1,0,0,0,0,0,0,0,0,8,0,0,2,2,0,0,4,0,0,0,0,0,0,0,0,3,1,1,0,1,0,0,0,0,30799,29014,1785,1547,251,0,0,251,0,1296,1209,0,87
PLST,OR,620,L6,00,000,0009101,620L600US41039,41039,4,9,41,01155107,039,597043506,7321734,39,State House District 39,N,70725,27048,+45.3070943,-122.4879791,LL,41039,70725,64061,58053,378,659,1349,91,3531,6664,6279,289,1545,741,128,3391,12,22,5,11,9,0,36,61,26,3,344,46,23,2,21,43,9,89,78,25,1,3,0,3,1,0,0,0,0,0,0,34,1,0,13,1,3,1,9,6,0,0,0,0,0,0,0,7,4,1,0,1,1,0,0,0,70725,7946,62779,59047,56482,360,424,1322,76,383,3732,3521,265,1431,710,123,876,8,21,5,2,7,0,1,56,13,3,197,36,19,2,12,40,9,2,72,4,0,1,0,0,0,0,0,0,0,0,0,9,1,0,0,1,0,0,7,0,0,0,0,0,0,0,0,5,4,1,0,0,0,0,0,0,56017,51680,47334,262,508,1124,72,2380,4337,4150,133,1158,377,77,2263,5,14,5,7,6,0,34,54,16,1,166,28,5,0,12,19,7,46,34,8,1,3,0,2,1,0,0,0,0,0,0,15,1,0,8,0,0,1,3,2,0,0,0,0,0,0,0,6,4,1,0,1,0,0,0,0,56017,5091,50926,48408,46390,249,338,1105,66,260,2518,2420,125,1102,366,75,663,5,14,5,2,4,0,1,49,8,1,90,21,5,0,6,17,7,0,30,3,0,1,0,0,0,0,0,0,0,0,0,3,1,0,0,0,0,0,2,0,0,0,0,0,0,0,0,5,4,1,0,0,0,0,0,0,27048,26109,939,339,165,0,19,137,9,174,0,0,174
PLST,OR,620,L6,00,000,0009102,620L600US41040,41040,4,9,41,01155107,040,62100414,1848319,40,State House District 40,N,70356,28096,+45.3521428,-122.5979266,LL,41040,70356,63371,57457,782,656,1610,204,2662,6985,6490,654,1712,901,155,2854,20,19,9,30,16,9,42,42,26,1,470,94,20,3,38,75,9,93,95,31,3,5,1,2,0,0,0,1,0,0,0,23,3,0,7,1,0,0,8,0,1,3,0,0,0,0,0,2,1,0,0,1,0,0,0,0,70356,6788,63568,59027,55719,726,439,1575,194,374,4541,4243,601,1588,855,143,935,15,15,9,14,12,7,2,37,10,0,284,74,18,0,17,68,5,3,85,8,3,2,0,0,0,0,0,1,0,0,0,12,2,0,2,1,0,0,7,0,0,0,0,0,0,0,0,2,1,0,0,1,0,0,0,0,55592,51071,46585,616,529,1329,145,1867,4521,4216,301,1221,473,79,2001,12,9,2,21,14,8,30,30,15,0,297,66,11,3,21,39,4,63,71,12,1,5,0,0,0,0,0,1,0,0,0,7,0,0,4,0,0,0,2,0,1,0,0,0,0,0,0,1,0,0,0,1,0,0,0,0,55592,4430,51162,48208,45524,579,370,1314,143,278,2954,2760,285,1156,463,77,701,8,7,2,8,11,7,2,27,6,0,190,55,11,0,9,36,4,3,65,3,1,2,0,0,0,0,0,1,0,0,0,3,0,0,2,0,0,0,1,0,0,0,0,0,0,0,0,1,0,0,0,1,0,0,0,0,28096,27047,1049,1049,705,257,0,428,20,344,0,0,344
PLST,OR,620,L6,00,000,0009103,620L600US41041,41041,4,9,41,01155107,041,37383965,3443107,41,State House District 41,N,68569,30534,+45.4471301,-122.6307626,LL,41041,68569,61489,55586,927,547,2265,205,1959,7080,6597,606,1349,1436,168,2774,41,42,3,45,19,3,30,38,41,2,447,56,35,8,42,57,9,116,82,31,2,3,1,1,0,0,0,2,0,0,2,28,4,0,13,1,0,0,9,0,0,0,1,0,0,0,0,7,2,4,1,0,0,0,1,1,68569,5623,62946,58150,54100,889,335,2239,195,392,4796,4507,573,1210,1366,149,1046,38,39,2,15,10,2,0,33,22,2,265,54,30,7,24,53,6,3,79,3,1,2,1,0,0,0,0,2,0,0,0,19,4,0,4,1,0,0,9,0,0,0,1,0,0,0,0,4,0,3,1,0,0,0,1,1,56453,51686,46871,738,467,1945,168,1497,4767,4487,323,1077,759,116,2026,28,24,2,28,14,2,28,29,29,2,263,37,16,2,20,33,5,90,46,5,2,2,1,1,0,0,0,2,0,0,1,12,2,0,5,0,0,0,4,0,0,0,1,0,0,0,0,4,1,3,0,0,0,0,1,1,56453,3934,52519,49281,45845,716,309,1926,161,324,3238,3072,312,985,738,104,814,27,22,2,13,10,2,0,25,16,2,153,36,12,2,15,30,3,3,44,2,1,2,1,0,0,0,0,2,0,0,0,9,2,0,2,0,0,0,4,0,0,0,1,0,0,0,0,3,0,3,0,0,0,0,1,1,30534,28824,1710,1796,277,0,47,229,1,1519,797,0,722
PLST,OR,620,L6,00,000,0009104,620L600US41042,41042,4,9,41,01155107,042,20916225,395412,42,State House District 42,N,72984,38379,+45.5041687,-122.6350914,LL,41042,72984,65126,57067,1617,496,3949,138,1859,7858,7202,617,1234,2013,111,2901,72,38,6,62,7,11,33,55,38,4,586,114,33,14,50,57,16,142,94,45,2,5,1,7,5,1,0,0,0,0,0,65,14,5,20,2,3,0,13,3,0,4,1,0,0,0,0,5,1,2,2,0,0,0,0,0,72984,5880,67104,61753,55346,1545,317,3887,122,536,5351,4984,576,1041,1931,97,1116,64,35,5,34,5,7,6,46,20,1,327,91,27,14,18,45,15,15,81,6,0,4,1,5,5,0,0,0,0,0,0,39,10,5,10,2,1,0,9,0,0,1,1,0,0,0,0,1,1,0,0,0,0,0,0,0,63799,57846,50705,1414,423,3585,93,1626,5953,5510,449,1081,1254,86,2387,59,30,3,48,5,11,24,48,23,2,398,82,15,6,30,41,10,114,68,20,1,3,1,4,2,1,0,0,0,0,0,43,7,4,15,0,3,0,12,0,0,1,1,0,0,0,0,2,1,1,0,0,0,0,0,0,63799,4858,58941,54880,49197,1350,274,3531,87,441,4061,3810,437,941,1210,77,951,53,29,3,31,4,7,6,43,17,1,225,69,10,6,12,37,9,13,59,2,0,3,1,2,2,0,0,0,0,0,0,25,4,4,5,0,1,0,9,0,0,1,1,0,0,0,0,1,1,0,0,0,0,0,0,0,38379,35775,2604,1562,432,5,30,397,0,1130,0,0,1130
PLST,OR,620,L6,00,000,0009105,620L600US41043,41043,4,9,41,01155107,043,22734248,672027,43,State House District 43,N,73248,35422,+45.5538982,-122.6532259,LL,41043,73248,65314,49759,8568,865,2717,261,3144,7934,7230,1093,1136,1449,106,2818,196,76,20,139,19,3,69,61,34,11,626,140,55,9,77,70,6,142,64,24,4,3,2,16,11,1,1,1,0,0,0,71,12,1,29,6,4,0,8,6,0,2,2,0,0,1,0,7,3,4,0,0,0,0,0,0,73248,7619,65629,60351,48137,8364,417,2677,239,517,5278,4879,1033,971,1384,96,967,175,72,20,58,14,3,1,58,24,3,356,118,48,8,32,53,4,11,55,6,0,3,2,4,11,1,0,0,0,0,0,39,10,1,9,6,1,0,7,3,0,0,2,0,0,0,0,4,0,4,0,0,0,0,0,0,61701,55992,43221,7029,667,2479,179,2417,5709,5253,698,935,919,73,2173,146,64,15,100,11,1,46,43,19,10,399,83,20,4,58,41,3,109,49,9,1,3,2,9,7,1,0,0,0,0,0,51,8,1,21,5,2,0,7,4,0,1,2,0,0,0,0,6,2,4,0,0,0,0,0,0,61701,5694,56007,52220,41934,6896,344,2444,172,430,3787,3537,674,803,877,68,787,137,61,15,46,7,1,1,43,14,3,217,75,17,3,24,29,3,5,43,1,0,3,2,4,7,1,0,0,0,0,0,29,7,1,5,5,1,0,7,1,0,0,2,0,0,0,0,4,0,4,0,0,0,0,0,0,35422,32787,2635,1655,182,0,1,88,93,1473,298,0,1175
PLST,OR,620,L6,00,000,0009106,620L600US41044,41044,4,9,41,01155107,044,86728174,24205144,44,State House District 44,N,70337,30075,+45.5981774,-122.6800064,LL,41044,70337,61891,45390,5810,1220,3109,730,5632,8446,7712,1061,1302,1351,143,3193,132,53,17,117,18,4,104,169,27,21,661,149,54,10,57,60,7,134,104,44,7,4,12,10,2,3,0,3,0,0,1,63,23,5,20,0,7,0,2,4,1,1,0,0,0,0,0,10,8,2,0,0,0,0,0,0,70337,11445,58892,53645,43291,5634,550,3035,689,446,5247,4806,976,1104,1295,130,876,105,51,17,47,12,4,6,152,11,20,398,129,52,9,19,40,4,12,87,15,2,4,12,7,1,2,0,3,0,0,0,36,20,5,4,0,4,0,2,0,0,1,0,0,0,0,0,7,6,1,0,0,0,0,0,0,58385,52511,39747,4493,948,2768,563,3992,5874,5425,564,1006,876,93,2374,91,27,11,89,11,1,83,156,22,21,405,95,20,2,31,33,3,100,79,16,5,4,4,6,2,2,0,2,0,0,1,36,10,3,14,0,6,0,2,0,0,1,0,0,0,0,0,8,7,1,0,0,0,0,0,0,58385,8039,50346,46678,38210,4382,478,2711,535,362,3668,3400,537,877,846,84,721,76,27,11,37,6,1,6,140,11,20,240,85,19,1,9,22,3,5,69,8,2,4,4,4,1,2,0,2,0,0,0,22,9,3,3,0,4,0,2,0,0,1,0,0,0,0,0,6,5,1,0,0,0,0,0,0,30075,28094,1981,4062,1089,986,9,94,0,2973,1953,0,1020
PLST,OR,620,L6,00,000,0009107,620L600US41045,41045,4,9,41,01155107,045,25322546,3774,45,State House District 45,N,66616,29040,+45.5437600,-122.5846457,LL,41045,66616,59366,46889,3914,679,5070,301,2513,7250,6568,938,1061,1337,99,2702,97,71,12,93,22,3,33,59,36,5,616,160,60,8,54,52,16,113,89,36,3,8,2,6,5,0,0,2,0,0,2,60,16,7,15,6,2,0,5,6,0,1,0,0,0,2,0,6,2,3,1,0,0,0,0,0,66616,6382,60234,55450,45598,3768,413,5008,294,369,4784,4350,880,933,1283,90,867,83,68,12,39,17,2,3,55,18,0,396,138,51,8,21,46,12,9,86,4,0,8,2,3,5,0,0,2,0,0,1,35,13,7,5,6,0,0,4,0,0,0,0,0,0,0,0,3,2,1,0,0,0,0,0,0,53814,49175,39243,2956,552,4312,208,1904,4639,4234,524,775,702,58,1864,84,38,6,62,15,1,28,51,21,5,362,96,24,2,36,40,6,73,49,16,0,7,0,6,4,0,0,2,0,0,1,40,13,5,12,2,2,0,1,4,0,1,0,0,0,0,0,3,1,2,0,0,0,0,0,0,53814,4419,49395,46329,38368,2865,348,4269,201,278,3066,2808,499,712,664,55,657,72,38,6,31,14,0,3,47,10,0,234,84,22,2,14,37,4,7,47,1,0,7,0,3,4,0,0,2,0,0,0,22,10,5,5,2,0,0,0,0,0,0,0,0,0,0,0,2,1,1,0,0,0,0,0,0,29040,27836,1204,839,148,9,29,98,12,691,235,0,456
PLST,OR,620,L6,00,000,0009108,620L600US41046,41046,4,9,41,01155107,046,24465480,87917,46,State House District 46,N,68302,29245,+45.5066360,-122.5844903,LL,41046,68302,61091,46189,2936,674,7974,418,2900,7211,6587,762,1172,1508,100,2591,90,40,18,104,9,10,75,48,53,7,552,93,45,13,64,49,6,137,66,52,6,3,6,8,4,0,0,0,0,0,0,64,20,0,19,12,1,0,5,3,1,2,1,0,0,0,0,8,5,2,0,0,1,0,0,0,68302,6905,61397,56644,44632,2841,404,7905,404,458,4753,4420,707,1040,1450,93,866,79,38,16,35,8,10,4,45,26,3,290,75,39,10,18,41,5,17,60,14,0,2,6,0,3,0,0,0,0,0,0,37,8,0,11,12,1,0,2,0,1,1,1,0,0,0,0,6,4,2,0,0,0,0,0,0,55812,50971,39104,2112,549,6718,304,2184,4841,4435,417,960,797,71,1873,56,19,7,79,8,2,63,41,36,6,368,68,22,6,34,27,4,114,39,34,3,2,5,8,2,0,0,0,0,0,0,32,6,0,13,4,1,0,3,3,0,1,1,0,0,0,0,6,3,2,0,0,1,0,0,0,55812,4950,50862,47694,37996,2050,336,6671,292,349,3168,2959,395,866,776,68,672,51,19,6,33,7,2,4,38,20,2,186,59,16,3,10,23,3,16,38,10,0,2,5,0,1,0,0,0,0,0,0,18,2,0,8,4,1,0,1,0,0,1,1,0,0,0,0,5,3,2,0,0,0,0,0,0,29245,27881,1364,1815,565,0,7,535,23,1250,214,0,1036
PLST,OR,620,L6,00,000,0009109,620L600US41047,41047,4,9,41,01155107,047,23622737,0,47,State House District 47,N,67702,26209,+45.5239730,-122.5226815,LL,41047,67702,60762,37359,6882,1107,8628,941,5845,6940,6334,1066,1050,850,88,2686,96,103,29,131,23,7,62,102,34,7,534,159,61,13,57,52,7,78,54,26,1,6,5,10,1,1,0,0,1,0,2,53,11,3,15,3,3,0,12,3,0,3,0,0,0,0,0,19,10,9,0,0,0,0,0,0,67702,11239,56463,52416,35318,6677,606,8571,912,332,4047,3667,981,902,789,84,526,78,95,29,36,19,7,4,93,23,1,341,127,57,13,29,42,5,5,43,7,0,3,5,4,1,0,0,0,0,0,0,31,8,3,5,1,2,0,11,0,0,1,0,0,0,0,0,8,7,1,0,0,0,0,0,0,53311,48718,31493,4818,849,6846,637,4075,4593,4250,536,835,488,64,1931,70,53,12,96,18,6,44,79,13,5,290,102,18,1,32,28,2,52,32,10,1,1,1,6,1,0,0,0,1,0,2,39,10,1,13,1,1,0,7,3,0,3,0,0,0,0,0,14,7,7,0,0,0,0,0,0,53311,7524,45787,43064,30196,4697,484,6805,617,265,2723,2503,508,762,471,62,445,58,49,12,26,18,6,1,73,11,1,191,89,17,1,14,24,1,5,29,5,0,1,1,3,1,0,0,0,0,0,0,22,8,1,3,1,1,0,7,0,0,1,0,0,0,0,0,7,6,1,0,0,0,0,0,0,26209,25003,1206,1927,505,67,18,411,9,1422,0,0,1422
PLST,OR,620,L6,00,000,0009110,620L600US41048,41048,4,9,41,01155107,048,37234813,89926,48,State House District 48,N,68169,26701,+45.4532122,-122.5646803,LL,41048,68169,60892,43060,2883,959,8485,582,4923,7277,6655,847,1252,1105,96,2890,89,50,12,99,22,0,86,63,36,8,565,152,47,8,43,59,5,128,74,41,0,3,0,3,0,0,0,1,1,0,0,52,12,0,17,2,2,0,10,7,2,0,0,0,0,0,0,5,2,3,0,0,0,0,0,0,68169,10173,57996,53779,41094,2756,582,8409,566,372,4217,3869,768,1057,1039,93,671,81,43,12,13,18,0,2,59,12,1,326,121,41,6,13,52,4,3,69,13,0,2,0,1,0,0,0,1,0,0,0,21,11,0,3,2,1,0,4,0,0,0,0,0,0,0,0,1,1,0,0,0,0,0,0,0,54111,49356,35897,2019,711,6810,413,3506,4755,4396,383,962,623,69,2028,67,26,7,74,13,0,64,50,24,6,333,86,19,2,22,37,2,89,51,19,0,3,0,2,0,0,0,1,0,0,0,26,7,0,8,0,0,0,4,5,2,0,0,0,0,0,0,0,0,0,0,0,0,0,0,0,54111,6876,47235,44480,34651,1936,449,6766,401,277,2755,2546,353,846,598,67,520,63,20,7,5,10,0,1,47,8,1,198,72,18,0,8,34,2,1,48,12,0,2,0,0,0,0,0,1,0,0,0,11,6,0,3,0,0,0,2,0,0,0,0,0,0,0,0,0,0,0,0,0,0,0,0,0,26701,25343,1358,1514,605,24,29,548,4,909,0,0,909
PLST,OR,620,L6,00,000,0009111,620L600US41049,41049,4,9,41,01155107,049,59107069,15495284,49,State House District 49,N,67738,26040,+45.5486770,-122.4554780,LL,41049,67738,59736,41312,3719,1268,3968,897,8572,8002,7403,944,1456,823,163,3460,76,51,16,110,19,2,145,76,47,15,537,138,50,7,50,44,3,107,70,47,3,7,0,4,4,1,0,2,0,0,0,55,12,2,27,1,1,0,8,4,0,0,0,0,0,0,0,6,4,2,0,0,0,0,1,1,67738,15410,52328,48118,38919,3559,536,3899,874,331,4210,3883,852,1274,765,146,581,71,39,16,26,14,1,5,73,17,3,302,113,47,7,8,35,3,4,64,10,0,5,0,1,4,0,0,1,0,0,0,24,11,2,5,1,1,0,4,0,0,0,0,0,0,0,0,0,0,0,0,0,0,0,1,1,52259,47097,34051,2660,895,3100,606,5785,5162,4822,441,1088,485,89,2330,51,39,14,72,14,2,101,59,25,12,304,72,20,4,19,27,1,76,51,23,1,4,0,1,3,0,0,2,0,0,0,31,7,2,16,0,1,0,4,1,0,0,0,0,0,0,0,4,4,0,0,0,0,0,1,1,52259,10032,42227,39456,32609,2559,399,3059,592,238,2771,2580,409,998,452,81,452,48,32,14,11,9,1,5,58,7,3,174,55,19,4,6,22,1,4,46,8,0,4,0,1,3,0,0,1,0,0,0,16,7,2,3,0,1,0,3,0,0,0,0,0,0,0,0,0,0,0,0,0,0,0,1,1,26040,24992,1048,881,197,0,27,170,0,684,0,0,684
PLST,OR,620,L6,00,000,0009112,620L600US41050,41050,4,9,41,01155107,050,33732061,134897,50,State House District 50,N,67891,25052,+45.4928625,-122.4400314,LL,41050,67891,59972,43942,2889,1095,4160,574,7312,7919,7375,941,1256,886,107,3665,83,38,20,73,11,8,148,105,26,8,493,117,51,8,55,56,6,111,50,26,3,3,0,4,3,0,0,0,0,0,0,43,7,3,21,2,4,0,4,1,1,0,0,0,0,0,0,8,8,0,0,0,0,0,0,0,67891,13869,54022,49970,41745,2745,493,4109,558,320,4052,3762,819,1104,829,102,617,74,37,20,31,8,8,2,97,13,1,269,84,41,8,17,52,6,3,43,8,0,3,0,1,3,0,0,0,0,0,0,19,2,3,5,2,3,0,4,0,0,0,0,0,0,0,0,2,2,0,0,0,0,0,0,0,51742,46751,35515,2029,793,3245,392,4777,4991,4646,391,944,508,54,2410,48,30,2,45,9,7,95,92,8,3,317,68,41,6,29,26,4,90,37,6,3,2,0,4,1,0,0,0,0,0,0,20,3,2,10,0,3,0,2,0,0,0,0,0,0,0,0,8,8,0,0,0,0,0,0,0,51742,8729,43013,40430,34272,1944,406,3213,387,208,2583,2395,349,847,489,54,450,44,29,2,24,7,7,1,85,6,1,174,51,37,6,11,25,4,3,32,1,0,2,0,1,1,0,0,0,0,0,0,12,1,2,5,0,2,0,2,0,0,0,0,0,0,0,0,2,2,0,0,0,0,0,0,0,25052,24205,847,912,207,0,18,169,20,705,0,0,705
PLST,OR,620,L6,00,000,0009113,620L600US41051,41051,4,9,41,01155107,051,94931210,68883,51,State House District 51,N,75526,26323,+45.4461160,-122.4688544,LL,41051,75526,67970,48266,2926,670,11514,514,4080,7556,6937,793,1224,1348,100,3002,71,64,13,93,17,4,59,98,45,6,569,120,37,12,72,60,20,89,93,42,7,5,0,5,4,0,0,2,0,0,1,42,6,2,14,5,2,0,7,3,0,3,0,0,0,0,0,6,5,1,0,0,0,0,2,2,75526,8972,66554,62021,46572,2829,381,11432,508,299,4533,4170,712,1077,1304,94,698,59,64,13,17,14,3,1,86,22,6,344,97,33,11,19,51,19,5,91,6,2,4,0,1,3,0,0,2,0,0,0,17,3,2,1,5,0,0,6,0,0,0,0,0,0,0,0,2,2,0,0,0,0,0,0,0,57186,52480,38121,1944,505,8778,327,2805,4706,4357,356,898,650,64,2059,50,32,8,69,12,3,46,80,24,6,316,79,15,6,23,24,9,67,65,13,5,3,0,2,3,0,0,2,0,0,0,27,3,1,13,1,2,0,5,2,0,0,0,0,0,0,0,4,4,0,0,0,0,0,2,2,57186,5832,51354,48569,37079,1908,301,8722,323,236,2785,2574,336,804,629,59,542,45,32,8,13,11,2,1,73,13,6,203,66,14,5,6,23,9,5,64,2,2,3,0,0,2,0,0,2,0,0,0,6,0,1,0,1,0,0,4,0,0,0,0,0,0,0,0,2,2,0,0,0,0,0,0,0,26323,25342,981,639,194,0,9,185,0,445,0,0,445
PLST,OR,620,L6,00,000,0009114,620L600US41052,41052,4,9,41,01155107,052,2907607051,60904722,52,State House District 52,N,69675,29625,+45.4629246,-121.8617406,LL,41052,69675,62031,54904,402,748,1131,129,4717,7644,7255,370,1549,843,124,4188,16,4,5,30,10,4,63,37,5,7,341,53,19,5,15,36,10,118,37,20,14,7,0,0,1,0,4,2,0,0,0,35,10,0,6,10,0,0,2,2,2,1,0,0,2,0,0,11,2,4,1,1,3,0,2,2,69675,11057,58618,54835,52489,379,465,1097,118,287,3783,3571,339,1397,810,108,850,9,4,1,14,3,4,1,28,1,2,179,46,15,3,5,34,10,13,34,6,5,5,0,0,1,0,0,2,0,0,0,25,10,0,3,10,0,0,1,0,0,1,0,0,0,0,0,7,2,3,0,1,1,0,1,1,53888,48980,43766,243,589,929,98,3355,4908,4717,162,1136,390,70,2836,13,3,0,17,3,2,50,35,0,0,168,26,11,3,5,14,4,58,23,12,10,1,0,0,1,0,0,0,0,0,0,18,7,0,5,0,0,0,1,0,2,1,0,0,2,0,0,4,0,2,0,1,1,0,1,1,53888,7350,46538,44121,42288,236,373,909,90,225,2417,2309,148,1048,376,62,625,7,3,0,7,3,2,1,27,0,0,93,21,10,1,3,13,4,11,22,1,5,1,0,0,1,0,0,0,0,0,0,12,7,0,3,0,0,0,1,0,0,1,0,0,0,0,0,3,0,1,0,1,1,0,0,0,29625,25594,4031,798,292,13,19,251,9,506,0,0,506
PLST,OR,620,L6,00,000,0009115,620L600US41053,41053,4,9,41,01155107,053,2954005546,33573831,53,State House District 53,N,82042,37350,+43.9753104,-121.4756555,LL,41053,82042,74755,69565,409,697,974,96,3014,7287,6826,352,1734,869,172,3578,3,9,3,12,8,2,29,40,11,4,436,52,27,9,21,41,15,129,103,26,6,0,0,0,3,0,0,1,0,1,2,24,1,1,9,2,0,0,5,0,0,6,0,0,0,0,0,1,0,0,0,1,0,0,0,0,82042,7879,74163,69789,67518,366,487,952,90,376,4374,4134,337,1609,824,159,1142,3,9,3,1,3,0,2,40,0,2,234,51,24,8,8,28,15,9,90,0,0,0,0,0,0,0,0,1,0,0,0,6,0,1,1,1,0,0,3,0,0,0,0,0,0,0,0,0,0,0,0,0,0,0,0,0,64129,59501,55711,263,530,819,70,2108,4628,4407,184,1242,451,94,2335,2,9,3,10,5,1,25,31,11,4,208,35,16,2,9,16,12,52,56,5,1,0,0,0,0,0,0,1,0,1,2,12,1,1,5,2,0,0,2,0,0,1,0,0,0,0,0,1,0,0,0,1,0,0,0,0,64129,4978,59151,56284,54511,246,377,804,65,281,2867,2738,177,1161,433,88,830,2,9,3,0,2,0,0,31,0,2,124,34,13,2,0,8,12,3,51,0,0,0,0,0,0,0,0,1,0,0,0,5,0,1,1,1,0,0,2,0,0,0,0,0,0,0,0,0,0,0,0,0,0,0,0,0,37350,31469,5881,675,305,164,65,76,0,370,0,0,370
PLST,OR,620,L6,00,000,0009116,620L600US41054,41054,4,9,41,01155107,054,72532271,616840,54,State House District 54,N,80983,37312,+44.0456702,-121.3184993,LL,41054,80983,73764,68313,387,545,1279,132,3108,7219,6761,409,1468,1156,137,3439,12,14,3,10,12,4,38,41,9,9,411,52,22,2,46,42,7,93,119,20,5,0,2,0,0,1,0,0,0,0,0,40,6,1,14,2,0,0,8,2,0,6,0,0,1,0,0,7,4,1,0,1,1,0,0,0,80983,7682,73301,68872,66305,336,390,1255,126,460,4429,4156,373,1328,1092,133,1144,12,14,3,5,7,0,2,41,0,2,250,47,19,1,19,32,7,13,111,1,0,0,0,0,0,0,0,0,0,0,0,17,4,1,4,2,0,0,6,0,0,0,0,0,0,0,0,6,4,1,0,0,1,0,0,0,64375,59531,55566,260,425,1057,108,2115,4844,4558,222,1118,617,82,2412,8,10,3,5,9,4,26,29,9,4,255,27,13,1,29,19,4,69,77,13,3,0,0,0,0,0,0,0,0,0,0,25,2,1,9,2,0,0,4,2,0,4,0,0,1,0,0,6,4,0,0,1,1,0,0,0,64375,5140,59235,56282,54238,240,309,1035,107,353,2953,2786,210,1041,586,82,811,8,10,3,0,4,0,0,29,0,2,154,22,10,1,14,15,4,12,75,1,0,0,0,0,0,0,0,0,0,0,0,8,0,1,1,2,0,0,4,0,0,0,0,0,0,0,0,5,4,0,0,0,1,0,0,0,37312,34105,3207,900,564,0,6,558,0,336,125,0,211
PLST,OR,620,L6,00,000,0009117,620L600US41055,41055,4,9,41,01155107,055,38819735826,792069986,55,State House District 55,N,72010,35087,+43.2539473,-121.0706076,LL,41055,72010,65725,61391,232,1554,492,98,1958,6285,5981,255,2442,381,81,2654,14,2,5,21,9,7,41,53,6,10,247,47,9,2,10,40,21,58,34,15,4,0,0,0,1,0,0,6,0,0,0,42,3,0,15,2,3,0,8,3,0,6,0,0,2,0,0,13,10,3,0,0,0,0,2,2,72010,4888,67122,62581,59972,207,1405,479,88,430,4541,4360,223,2294,362,69,1295,14,1,5,14,9,6,11,47,4,6,154,45,9,2,5,34,14,7,31,1,0,0,0,0,1,0,0,5,0,0,0,15,2,0,0,1,3,0,8,1,0,0,0,0,0,0,0,10,9,1,0,0,0,0,2,2,58973,54404,51114,170,1186,416,72,1446,4569,4394,110,1919,202,48,1979,11,2,3,18,2,6,34,47,4,9,138,30,4,1,1,20,7,45,19,5,2,0,0,0,0,0,0,4,0,0,0,26,2,0,11,1,3,0,0,1,0,6,0,0,2,0,0,9,7,2,0,0,0,0,2,2,58973,3221,55752,52337,50254,158,1079,408,70,368,3415,3314,105,1829,198,46,1038,11,1,3,14,2,6,9,43,3,6,86,28,4,1,1,18,7,7,17,0,0,0,0,0,0,0,0,3,0,0,0,6,2,0,0,0,3,0,0,1,0,0,0,0,0,0,0,7,7,0,0,0,0,0,2,2,35087,29473,5614,380,82,40,0,42,0,298,13,0,285
PLST,OR,620,L6,00,000,0009118,620L600US41056,41056,4,9,41,01155107,056,6459498190,246267246,56,State House District 56,N,66010,29567,+42.1922006,-121.3439378,LL,41056,66010,59199,51815,565,2291,773,117,3638,6811,6416,390,2418,524,88,2752,36,11,10,20,9,5,87,47,14,5,361,60,19,4,23,45,12,111,66,7,6,1,0,2,0,0,3,0,1,0,1,31,2,0,15,1,1,1,4,4,2,1,0,0,0,0,0,3,3,0,0,0,0,0,0,0,66010,9022,56988,52744,49225,507,1798,743,99,372,4244,4026,345,2216,465,75,801,31,10,9,6,7,5,4,45,7,0,210,57,18,3,6,39,10,5,64,4,2,1,0,0,0,0,0,0,1,0,0,8,1,0,2,0,0,1,4,0,0,0,0,0,0,0,0,0,0,0,0,0,0,0,0,0,51792,47298,41888,434,1624,642,99,2611,4494,4290,179,1706,259,52,1924,23,9,4,12,7,5,61,39,8,2,185,21,7,1,14,26,10,67,30,2,5,1,0,0,0,0,0,0,0,0,1,19,2,0,12,1,0,1,2,0,0,1,0,0,0,0,0,0,0,0,0,0,0,0,0,0,51792,5839,45953,43042,40337,397,1322,622,82,282,2911,2801,169,1610,247,47,635,19,8,4,6,5,5,2,38,6,0,106,21,7,1,6,23,10,5,30,0,2,1,0,0,0,0,0,0,0,0,0,4,1,0,0,0,0,1,2,0,0,0,0,0,0,0,0,0,0,0,0,0,0,0,0,0,29567,26793,2774,1503,702,563,22,110,7,801,525,0,276
PLST,OR,620,L6,00,000,0009119,620L600US41057,41057,4,9,41,01155107,057,14251584463,160368188,57,State House District 57,N,67965,25262,+45.4184459,-120.0315984,LL,41057,67965,58717,42402,490,1070,548,122,14085,9248,8908,236,1324,281,73,6674,19,20,1,29,19,9,154,24,31,14,276,42,10,1,25,24,9,105,30,21,3,1,0,1,0,0,1,0,1,1,1,49,10,3,13,5,2,5,1,3,1,4,2,0,0,0,0,10,4,2,0,1,3,0,5,5,67965,25276,42689,40224,38330,432,612,514,108,228,2465,2313,201,1157,251,65,549,14,9,1,6,14,9,5,21,5,6,116,32,6,1,0,22,8,10,26,7,1,1,0,0,0,0,0,0,1,0,1,29,8,0,12,5,2,0,1,1,0,0,0,0,0,0,0,3,2,0,0,1,0,0,4,4,49880,44205,33111,387,801,440,90,9376,5675,5496,84,935,144,30,4103,14,10,0,13,12,1,116,18,11,5,141,21,6,0,6,11,1,65,17,12,1,0,0,0,0,0,0,0,0,1,0,26,7,2,3,5,2,0,1,0,1,3,2,0,0,0,0,7,2,2,0,0,3,0,5,5,49880,15878,34002,32383,30882,361,481,423,80,156,1619,1542,71,855,135,27,410,10,3,0,1,7,1,3,17,2,0,55,14,5,0,0,9,1,5,15,5,1,0,0,0,0,0,0,0,0,0,0,16,5,0,3,5,2,0,1,0,0,0,0,0,0,0,0,2,2,0,0,0,0,0,4,4,25262,23396,1866,2563,2144,1841,0,286,17,419,0,0,419
PLST,OR,620,L6,00,000,0009120,620L600US41058,41058,4,9,41,01155107,058,20296360394,24179832,58,State House District 58,N,64069,29536,+45.4990296,-117.8960066,LL,41058,64069,59169,53061,456,2638,484,548,1982,4900,4583,291,1923,309,106,1764,49,1,5,30,14,13,40,24,7,7,270,65,11,1,14,33,14,56,28,21,9,0,0,0,1,7,2,0,0,0,8,34,14,0,4,0,1,2,10,0,0,1,2,0,0,0,0,6,1,2,0,0,3,0,7,7,64069,4393,59676,56094,51895,425,2461,471,531,311,3582,3394,261,1814,297,100,798,49,1,3,9,13,10,10,24,3,2,152,55,7,1,7,25,10,8,17,6,4,0,0,0,1,3,2,0,0,0,6,27,14,0,3,0,1,1,6,0,0,1,1,0,0,0,0,3,1,2,0,0,0,0,6,6,50646,47419,42706,402,1978,386,386,1561,3227,3064,153,1357,172,37,1240,28,0,3,16,12,6,18,15,4,3,144,38,9,0,4,23,1,36,9,8,2,0,0,0,0,7,0,0,0,0,7,14,4,0,1,0,0,1,6,0,0,0,2,0,0,0,0,3,0,0,0,0,3,0,2,2,50646,2962,47684,45248,42012,378,1860,378,376,244,2436,2332,145,1312,168,37,600,28,0,1,5,11,4,6,15,0,0,89,35,5,0,3,19,0,8,9,1,0,0,0,0,0,3,0,0,0,0,6,13,4,0,1,0,0,1,6,0,0,0,1,0,0,0,0,0,0,0,0,0,0,0,2,2,29536,25902,3634,2525,2129,1868,17,244,0,396,116,0,280
PLST,OR,620,L6,00,000,0009121,620L600US41059,41059,4,9,41,01155107,059,14111863329,51391335,59,State House District 59,N,70810,33880,+44.7856752,-120.8856378,LL,41059,70810,63986,53555,314,4520,520,237,4840,6824,6383,254,1659,386,124,3713,16,7,9,15,38,29,75,39,13,6,364,47,10,18,13,43,23,99,51,23,7,8,0,5,1,3,4,8,0,1,0,61,12,3,12,0,0,0,20,10,0,2,1,0,0,1,0,13,7,3,0,3,0,0,3,3,70810,10871,59939,56495,51221,285,4000,485,222,282,3444,3231,230,1528,360,116,867,10,6,9,3,37,24,4,31,5,1,169,35,10,12,3,28,20,6,36,6,0,4,0,0,1,3,0,5,0,0,0,35,12,1,8,0,0,0,10,3,0,1,0,0,0,0,0,6,6,0,0,0,0,0,3,3,56714,52178,44810,245,3132,450,167,3374,4536,4292,127,1198,200,73,2534,6,1,5,7,29,15,52,29,10,6,196,29,3,8,5,16,7,53,35,17,4,8,0,0,1,3,0,6,0,1,0,35,4,3,3,0,0,0,13,9,0,1,1,0,0,1,0,10,7,3,0,0,0,0,3,3,56714,6982,49732,47319,43449,223,2844,419,157,227,2413,2284,117,1130,192,67,697,6,1,5,0,28,10,2,23,5,1,101,21,3,8,3,13,7,4,24,6,0,4,0,0,1,3,0,4,0,0,0,19,4,1,3,0,0,0,8,3,0,0,0,0,0,0,0,6,6,0,0,0,0,0,3,3,33880,27633,6247,1737,1439,1093,12,334,0,298,30,0,268
PLST,OR,620,L6,00,000,0009122,620L600US41060,41060,4,9,41,01155107,060,77592445213,524076874,60,State House District 60,N,63591,28386,+43.4711954,-118.4734090,LL,41060,63591,58188,50163,563,1043,528,87,5804,5403,5096,235,1385,290,50,2969,7,18,4,15,17,7,65,10,11,13,243,50,10,1,29,14,11,67,19,18,1,3,3,4,4,2,0,2,0,0,5,51,9,1,10,7,3,0,1,11,1,7,0,1,0,0,0,13,7,5,0,0,1,0,0,0,63591,11855,51736,49139,47016,532,750,515,68,258,2597,2481,217,1264,270,47,621,7,17,4,3,5,7,9,9,1,0,90,22,9,0,6,2,9,3,16,11,0,2,3,2,3,2,0,0,0,0,0,23,3,0,8,5,3,0,0,3,0,1,0,0,0,0,0,3,2,1,0,0,0,0,0,0,49466,45824,40095,470,771,484,65,3939,3642,3441,115,1040,175,42,1972,3,7,4,5,14,4,41,1,5,13,157,29,7,0,16,10,5,46,16,12,1,2,3,2,1,2,0,0,0,0,5,35,5,0,7,4,3,0,0,10,1,4,0,1,0,0,0,9,4,5,0,0,0,0,0,0,49466,7472,41994,40077,38298,451,602,476,53,197,1917,1834,105,978,165,41,511,3,6,4,2,5,4,9,1,0,0,64,17,6,0,0,2,5,2,14,10,0,1,3,2,0,2,0,0,0,0,0,18,0,0,7,4,3,0,0,3,0,1,0,0,0,0,0,1,0,1,0,0,0,0,0,0,28386,24465,3921,3833,3522,3337,0,185,0,311,46,0,265
