FILEID,STUSAB,SUMLEV,GEOVAR,GEOCOMP,CHARITER,LOGRECNO,GEOID,GEOCODE,REGION,DIVISION,STATE,STATENS,SLDU18,AREALAND,AREAWATR,BASENAME,NAME,FUNCSTAT,POP100,HU100,INTPTLAT,INTPTLON,LSADC,GEOID20,P0010001,P0010002,P0010003,P0010004,P0010005,P0010006,P0010007,P0010008,P0010009,P0010010,P0010011,P0010012,P0010013,P0010014,P0010015,P0010016,P0010017,P0010018,P0010019,P0010020,P0010021,P0010022,P0010023,P0010024,P0010025,P0010026,P0010027,P0010028,P0010029,P0010030,P0010031,P0010032,P0010033,P0010034,P0010035,P0010036,P0010037,P0010038,P0010039,P0010040,P0010041,P0010042,P0010043,P0010044,P0010045,P0010046,P0010047,P0010048,P0010049,P0010050,P0010051,P0010052,P0010053,P0010054,P0010055,P0010056,P0010057,P0010058,P0010059,P0010060,P0010061,P0010062,P0010063,P0010064,P0010065,P0010066,P0010067,P0010068,P0010069,P0010070,P0010071,P0020001,P0020002,P0020003,P0020004,P0020005,P0020006,P0020007,P0020008,P0020009,P0020010,P0020011,P0020012,P0020013,P0020014,P0020015,P0020016,P0020017,P0020018,P0020019,P0020020,P0020021,P0020022,P0020023,P0020024,P0020025,P0020026,P0020027,P0020028,P0020029,P0020030,P0020031,P0020032,P0020033,P0020034,P0020035,P0020036,P0020037,P0020038,P0020039,P0020040,P0020041,P0020042,P0020043,P0020044,P0020045,P0020046,P0020047,P0020048,P0020049,P0020050,P0020051,P0020052,P0020053,P0020054,P0020055,P0020056,P0020057,P0020058,P0020059,P0020060,P0020061,P0020062,P0020063,P0020064,P0020065,P0020066,P0020067,P0020068,P0020069,P0020070,P0020071,P0020072,P0020073,P0030001,P0030002,P0030003,P0030004,P0030005,P0030006,P0030007,P0030008,P0030009,P0030010,P0030011,P0030012,P0030013,P0030014,P0030015,P0030016,P0030017,P0030018,P0030019,P0030020,P0030021,P0030022,P0030023,P0030024,P0030025,P0030026,P0030027,P0030028,P0030029,P0030030,P0030031,P0030032,P0030033,P0030034,P0030035,P0030036,P0030037,P0030038,P0030039,P0030040,P0030041,P0030042,P0030043,P0030044,P0030045,P0030046,P0030047,P0030048,P0030049,P0030050,P0030051,P0030052,P0030053,P0030054,P0030055,P0030056,P0030057,P0030058,P0030059,P0030060,P0030061,P0030062,P0030063,P0030064,P0030065,P0030066,P0030067,P0030068,P0030069,P0030070,P0030071,P0040001,P0040002,P0040003,P0040004,P0040005,P0040006,P0040007,P0040008,P0040009,P0040010,P0040011,P0040012,P0040013,P0040014,P0040015,P0040016,P0040017,P0040018,P0040019,P0040020,P0040021,P0040022,P0040023,P0040024,P0040025,P0040026,P0040027,P0040028,P0040029,P0040030,P0040031,P0040032,P0040033,P0040034,P0040035,P0040036,P0040037,P0040038,P0040039,P0040040,P0040041,P0040042,P0040043,P0040044,P0040045,P0040046,P0040047,P0040048,P0040049,P0040050,P0040051,P0040052,P0040053,P0040054,P0040055,P0040056,P0040057,P0040058,P0040059,P0040060,P0040061,P0040062,P0040063,P0040064,P0040065,P0040066,P0040067,P0040068,P0040069,P0040070,P0040071,P0040072,P0040073,H0010001,H0010002,H0010003,P0050001,P0050002,P0050003,P0050004,P0050005,P0050006,P0050007,P0050008,P0050009,P0050010
PLST,FL,610,U6,00,000,0029350,610U600US12001,12001,3,5,12,00294478,001,5035906108,1767421857,1,State Senate District 1,N,537834,233006,+30.6003951,-087.1057012,LU,12001,537834,491976,375476,83627,3868,15346,927,12732,45858,42539,6790,11195,6497,497,14619,649,616,86,924,37,11,120,295,174,29,3020,650,439,55,405,325,48,472,271,194,32,36,5,20,24,19,8,3,11,1,2,263,62,3,95,22,17,7,19,4,12,17,2,3,0,0,0,30,8,21,0,1,0,0,6,6,537834,36611,501223,469187,364928,82316,3237,15013,868,2825,32036,29985,6343,10641,6180,453,4272,608,573,84,430,30,6,14,274,70,7,1909,553,403,47,145,289,48,44,241,45,9,32,5,10,23,11,0,3,0,0,1,130,48,1,25,16,5,2,19,0,6,4,2,2,0,0,0,11,7,4,0,0,0,0,1,1,425012,395571,307262,62062,3204,12890,692,9461,29441,27705,2562,8715,3599,292,10571,492,376,43,580,28,9,84,226,107,21,1551,361,136,14,176,165,26,334,163,78,27,17,4,14,16,5,0,3,9,1,2,156,26,1,61,4,12,6,16,4,8,13,2,3,0,0,0,25,8,16,0,1,0,0,4,4,425012,25530,399482,379153,299879,61246,2751,12653,660,1964,20329,19274,2422,8420,3479,273,3220,457,360,42,294,24,4,6,216,51,6,971,320,128,13,71,145,26,41,150,19,9,13,4,7,16,5,0,3,0,0,1,76,20,0,19,4,5,1,16,0,3,4,2,2,0,0,0,7,7,0,0,0,0,0,1,1,233006,208540,24466,25687,12807,8802,187,3754,64,12880,4134,6495,2251
PLST,FL,610,U6,00,000,0029351,610U600US12002,12002,3,5,12,00294478,002,11483666767,3806386892,2,State Senate District 2,N,526550,287953,+30.5452770,-085.8742266,LU,12002,526550,480867,395917,53911,3149,11005,704,16181,45683,42470,6391,10885,5509,458,16629,492,485,69,860,52,22,197,254,154,13,2835,619,376,45,323,245,24,651,208,143,33,29,8,44,24,31,8,10,1,1,12,336,39,5,171,19,34,8,13,17,2,13,7,1,1,4,2,35,21,9,2,3,0,0,7,7,526550,42510,484040,454520,385694,52750,2420,10729,643,2284,29520,27839,5965,10386,5209,436,4103,450,459,49,379,49,17,31,226,78,2,1529,516,337,36,64,216,24,35,176,23,12,26,8,10,15,10,8,10,1,0,2,131,28,1,37,14,8,5,13,1,0,10,6,1,1,4,2,15,12,2,1,0,0,0,6,6,416439,387377,321877,41752,2555,9245,505,11443,29062,27450,2262,8394,3031,244,11786,365,299,36,538,34,21,146,196,91,7,1411,338,102,14,145,101,6,426,99,66,15,20,0,29,10,15,7,7,0,1,10,165,22,1,88,3,17,7,7,9,1,0,6,1,1,0,2,30,17,9,2,2,0,0,6,6,416439,28637,387802,369268,315098,41077,2022,9076,463,1532,18534,17736,2124,8107,2927,235,3152,340,293,26,234,33,17,28,173,47,0,729,297,97,5,38,93,6,27,88,19,6,20,0,5,4,10,7,7,0,0,0,53,12,0,17,1,0,5,7,1,0,0,6,1,1,0,2,11,8,2,1,0,0,0,5,5,287953,206635,81318,19851,18120,14482,204,3118,316,1731,160,962,609
PLST,FL,610,U6,00,000,0029352,610U600US12003,12003,3,5,12,00294478,003,18504938126,5323131989,3,State Senate District 3,N,486331,223696,+30.1685917,-084.3155170,LU,12003,486331,454969,286950,142328,1773,11440,218,12260,31362,29393,5017,6116,2630,169,13019,654,260,54,1049,46,22,115,90,96,56,1598,464,159,11,273,162,30,215,90,104,6,6,1,24,14,22,3,3,5,0,6,292,31,13,141,15,35,2,10,6,1,12,4,13,3,5,1,60,14,23,9,4,2,8,19,19,486331,35858,450473,432176,276891,140646,1342,11307,184,1806,18297,17214,4762,5856,2512,144,2314,616,236,52,499,38,21,13,78,56,17,924,365,137,11,71,132,23,27,87,28,3,6,1,7,6,9,2,3,0,0,6,117,21,11,17,13,16,1,9,2,0,6,4,11,3,3,0,34,14,11,0,0,2,7,8,8,393122,371119,241083,110243,1461,9150,177,9005,22003,20783,2387,4846,1679,98,10003,493,167,32,744,39,18,91,75,72,39,979,308,87,7,171,69,17,136,52,78,2,5,1,20,4,8,2,3,5,0,4,180,25,6,87,8,16,2,9,3,0,4,0,11,3,5,1,44,7,18,5,4,2,8,17,17,393122,26888,366234,353877,233223,109058,1148,9048,153,1247,12357,11675,2246,4679,1624,91,1827,462,149,32,386,31,18,8,70,36,16,567,248,73,7,46,57,15,19,50,21,2,5,1,7,0,7,2,3,0,0,4,80,15,6,11,8,8,1,9,1,0,4,0,11,3,3,0,27,7,11,0,0,2,7,8,8,223696,193175,30521,34465,21862,18892,205,2652,113,12603,10230,0,2373
PLST,FL,610,U6,00,000,0029353,610U600US12004,12004,3,5,12,00294478,004,3096419475,540436544,4,State Senate District 4,N,559117,244386,+30.4794531,-081.7092373,LU,12004,559117,506963,385143,68854,1900,30352,654,20060,52154,48957,6159,7058,6231,343,25246,566,698,113,1709,66,13,188,296,211,60,2759,686,337,46,577,199,15,334,151,242,11,14,1,51,32,43,6,6,1,0,7,404,60,10,220,9,30,6,15,31,0,3,4,3,0,13,0,33,12,19,0,0,1,1,1,1,559117,57443,501674,474334,372169,66773,1239,29913,581,3659,27340,25751,5587,6667,5947,324,4994,463,665,107,550,51,6,17,263,105,5,1457,523,284,35,142,175,6,23,143,58,3,14,1,4,22,15,3,2,0,0,4,121,38,2,33,6,10,0,8,6,0,3,4,0,0,11,0,11,7,4,0,0,0,0,0,0,447524,411907,318501,52169,1505,24468,507,14757,35617,33779,2905,5532,3473,216,18896,406,385,70,1273,39,4,141,266,129,44,1539,451,129,13,329,88,11,219,64,111,7,14,1,42,13,27,6,6,1,0,7,280,38,8,161,5,15,5,11,16,0,3,4,3,0,11,0,18,4,13,0,0,0,1,1,1,447524,41418,406106,388342,309342,50862,1010,24186,448,2494,17764,16881,2667,5302,3352,208,3765,346,372,67,443,32,3,13,240,68,3,783,348,115,10,79,82,6,16,63,23,3,14,1,4,3,7,3,2,0,0,4,92,27,2,23,4,8,0,6,6,0,3,4,0,0,9,0,8,4,4,0,0,0,0,0,0,244386,225499,18887,11277,3406,798,16,2592,0,7871,3448,3690,733
PLST,FL,610,U6,00,000,0029354,610U600US12005,12005,3,5,12,00294478,005,15662740738,2296601411,5,State Senate District 5,N,507916,208989,+29.8042623,-082.7206557,LU,12005,507916,469179,378713,63686,2171,8834,519,15256,38737,36277,5404,8505,2977,298,16791,373,288,52,1104,39,14,117,142,110,63,2082,470,205,40,406,114,17,312,131,174,34,5,19,43,31,40,15,12,6,1,7,327,34,24,143,12,37,5,17,20,5,7,4,8,1,9,1,36,13,7,12,1,0,3,15,15,507916,45175,462741,440569,365657,62148,1615,8611,455,2083,22172,20989,5000,8123,2811,265,3553,317,264,50,367,31,3,16,133,47,9,1058,355,175,32,83,90,12,42,116,47,7,1,11,11,30,29,4,10,1,0,2,104,26,11,16,4,13,0,13,9,5,0,0,2,0,4,1,17,7,4,4,1,0,1,4,4,397263,372231,303696,48338,1753,7145,379,10920,25032,23774,1825,6526,1593,170,12118,296,161,28,714,26,14,82,112,69,40,1037,250,59,11,175,63,9,191,66,73,12,3,8,36,21,29,12,10,2,1,6,181,14,11,102,9,17,0,5,8,3,1,0,3,1,6,1,34,13,5,12,1,0,3,6,6,397263,30992,366271,352438,294925,47498,1342,7017,330,1326,13833,13232,1719,6314,1536,152,2671,258,146,28,228,20,3,15,104,32,6,531,198,47,11,38,47,7,27,57,27,4,0,4,11,20,19,3,8,1,0,2,52,13,5,11,1,4,0,2,7,3,0,0,2,0,3,1,17,7,4,4,1,0,1,1,1,208989,185813,23176,25587,24685,20564,84,3651,386,902,0,0,902
PLST,FL,610,U6,00,000,0029355,610U600US12006,12006,3,5,12,00294478,006,558900343,63178585,6,State Senate District 6,N,526802,232275,+30.3266056,-081.6976271,LU,12006,526802,483735,206686,228518,2112,20005,486,25928,43067,39848,7680,4588,3340,179,18162,1324,751,185,2831,57,10,231,239,214,57,2784,882,323,31,612,130,15,357,131,114,13,26,0,44,50,34,10,2,0,0,10,383,68,6,192,13,46,3,21,18,0,3,5,0,0,8,0,52,15,36,1,0,0,0,0,0,526802,59695,467107,444996,195687,224516,1289,19602,431,3471,22111,20328,7104,4259,3120,161,2240,1236,687,170,973,53,10,13,214,79,9,1627,730,287,24,167,116,9,39,114,24,3,26,0,12,45,20,2,2,0,0,7,132,47,3,32,10,13,1,11,4,0,3,5,0,0,3,0,24,5,19,0,0,0,0,0,0,406265,377259,174031,166796,1673,15847,409,18503,29006,27123,3454,3772,2071,115,13806,955,385,103,1883,31,8,172,190,128,50,1605,520,124,8,348,70,8,260,84,48,13,13,0,38,30,21,9,2,0,0,9,244,36,5,134,8,23,3,8,11,0,3,5,0,0,8,0,34,7,26,1,0,0,0,0,0,406265,42203,364062,350014,166239,164483,1066,15574,363,2289,14048,13001,3241,3576,1988,107,1762,903,363,92,690,28,8,11,167,57,8,940,452,113,7,96,67,5,29,78,16,3,13,0,12,25,14,2,2,0,0,6,88,28,3,26,6,7,1,4,2,0,3,5,0,0,3,0,19,2,17,0,0,0,0,0,0,232275,210179,22096,12356,6986,2992,101,3893,0,5370,2747,0,2623
PLST,FL,610,U6,00,000,0029356,610U600US12007,12007,3,5,12,00294478,007,4013007687,1203356609,7,State Senate District 7,N,593060,283356,+29.5756365,-081.3318943,LU,12007,593060,543126,452634,55974,1820,16731,327,15640,49934,47146,5815,7240,4472,282,26748,446,285,37,1238,50,5,197,132,152,47,2432,544,211,22,514,137,16,515,145,186,18,12,3,60,10,21,5,0,1,7,5,329,64,3,167,14,26,5,17,16,2,6,4,4,0,1,0,25,5,10,4,6,0,0,2,2,593060,54978,538082,513527,438103,54400,1308,16486,299,2931,24555,23296,5341,6844,4278,273,5147,399,261,36,436,43,4,36,84,102,12,1144,415,194,13,118,127,9,49,139,44,0,7,3,6,7,3,5,0,0,0,5,105,51,2,19,14,7,1,4,2,1,0,3,0,0,1,0,9,5,1,0,3,0,0,1,1,479366,446171,377740,42390,1479,12830,231,11501,33195,31685,2430,5667,2170,192,19405,350,165,22,831,37,5,157,120,103,31,1302,316,98,10,242,64,6,319,75,88,12,3,3,40,1,7,5,0,1,7,5,188,31,3,107,6,17,3,4,8,1,4,4,0,0,0,0,18,0,9,4,5,0,0,2,2,479366,38324,441042,425528,367963,41493,1099,12687,207,2079,15514,14845,2280,5443,2108,186,3806,313,151,22,316,32,4,28,77,72,7,606,239,88,1,58,59,4,38,73,22,0,3,3,6,1,1,5,0,0,0,5,58,26,2,15,6,4,0,2,0,0,0,3,0,0,0,0,4,0,1,0,3,0,0,1,1,283356,242528,40828,15219,8170,3424,327,4396,23,7049,5091,0,1958
PLST,FL,610,U6,00,000,0029357,610U600US12008,12008,3,5,12,00294478,008,6450875492,587129064,8,State Senate District 8,N,516171,234529,+29.5371269,-082.0759736,LU,12008,516171,467849,334696,88755,1925,21889,203,20381,48322,45404,5949,6603,3764,206,26097,512,272,60,1460,27,13,139,76,183,43,2552,576,182,13,602,111,21,424,112,353,16,29,13,39,27,18,1,7,2,0,6,297,28,6,191,6,27,2,6,17,4,2,1,0,0,3,4,57,7,40,6,2,2,0,12,12,516171,64203,451968,429818,317278,86887,1252,21654,180,2567,22150,20741,5400,6243,3607,184,3779,479,244,54,516,13,10,22,69,112,9,1290,419,166,12,127,97,18,34,102,217,8,18,13,19,18,11,0,7,2,0,2,89,25,6,23,6,19,0,1,4,0,0,1,0,0,3,1,30,7,18,3,2,0,0,0,0,418051,383929,283845,64981,1533,18234,181,15155,34122,32258,2630,5271,2286,144,19954,380,190,40,993,18,11,114,70,119,38,1622,340,95,12,355,47,8,300,86,270,11,19,6,30,19,14,1,7,1,0,1,196,20,4,136,0,17,1,5,2,4,0,0,0,0,3,4,34,4,20,6,2,2,0,12,12,418051,47567,370484,355748,270847,63886,1029,18043,161,1782,14736,13811,2359,5038,2191,134,2978,358,173,34,356,9,8,22,64,83,4,841,253,87,11,66,43,8,26,80,197,4,12,6,15,13,11,0,7,1,0,1,63,19,4,20,0,16,0,0,0,0,0,0,0,0,3,1,21,4,12,3,2,0,0,0,0,234529,207714,26815,27724,11913,8594,215,3055,49,15811,13391,0,2420
PLST,FL,610,U6,00,000,0029358,610U600US12009,12009,3,5,12,00294478,009,981577198,131052009,9,State Senate District 9,N,522106,216622,+28.7475089,-081.2423113,LU,12009,522106,447013,327995,56540,1799,26574,343,33762,75093,70963,6068,5539,4588,243,49338,516,661,94,2935,66,13,311,114,349,128,3477,742,329,23,1090,150,36,537,130,268,22,22,3,66,11,42,3,1,1,0,1,599,56,0,443,7,46,7,9,19,0,1,3,2,0,6,0,50,23,23,0,3,0,1,4,4,522106,115597,406509,383693,300093,53108,888,26093,261,3250,22816,21432,5062,5052,4256,209,4616,407,591,86,756,59,5,34,106,165,28,1301,461,259,18,147,119,32,26,122,36,8,18,0,3,11,36,3,0,1,0,1,71,34,0,12,6,9,0,6,0,0,1,0,0,0,3,0,12,12,0,0,0,0,0,0,0,412296,359257,268727,42633,1408,20705,252,25532,53039,50651,2917,4234,2425,162,37240,397,422,72,2057,48,13,242,97,227,98,1950,462,155,10,587,83,14,354,69,109,13,8,0,48,6,28,2,1,1,0,0,406,27,0,318,7,30,0,3,11,0,0,3,1,0,6,0,32,20,11,0,0,0,1,0,0,412296,84355,327941,313298,249126,40584,709,20400,207,2272,14643,13880,2489,3950,2279,145,3366,330,393,65,563,41,5,27,89,125,13,716,269,128,10,76,70,14,16,67,18,5,4,0,2,6,28,2,0,1,0,0,38,13,0,4,6,9,0,3,0,0,0,0,0,0,3,0,9,9,0,0,0,0,0,0,0,216622,203458,13164,5486,3382,770,171,2441,0,2104,580,0,1524
PLST,FL,610,U6,00,000,0029359,610U600US12010,12010,3,5,12,00294478,010,3870227238,1827888661,10,State Senate District 10,N,546439,257683,+28.6459961,-082.5335608,LU,12010,546439,495319,441659,22545,2063,11058,280,17714,51120,48666,4620,8321,2809,241,30265,263,241,45,1317,33,11,160,105,148,87,2149,502,145,13,543,132,21,423,107,125,25,0,7,58,13,10,6,1,5,0,13,274,48,2,169,6,18,0,6,4,1,12,0,1,0,7,0,27,9,14,0,2,2,0,4,4,546439,66695,479744,457902,422244,20906,1493,10798,215,2246,21842,20789,4067,7866,2637,226,4954,195,205,31,350,28,3,12,101,88,26,951,356,126,11,123,122,14,24,99,31,6,0,1,4,10,9,5,1,5,0,4,85,34,2,20,3,3,0,5,1,1,9,0,0,0,7,0,16,5,9,0,2,0,0,1,1,446886,411739,370898,16877,1643,8783,197,13341,35147,33775,1773,6466,1421,131,22292,199,178,22,877,27,9,146,86,74,74,1181,311,48,3,279,62,16,262,67,63,7,0,0,38,3,5,6,1,0,0,10,176,25,2,112,2,13,0,6,4,0,4,0,1,0,7,0,12,0,10,0,0,2,0,3,3,446886,47032,399854,385496,357958,15923,1226,8624,155,1610,14358,13784,1577,6219,1364,123,3757,158,157,16,227,26,2,8,83,41,26,515,219,46,3,66,57,9,14,65,13,4,0,0,1,3,5,5,1,0,0,4,51,16,2,14,2,2,0,5,1,0,2,0,0,0,7,0,8,0,8,0,0,0,0,0,0,257683,226627,31056,7371,6317,3118,118,3056,25,1054,15,0,1039
PLST,FL,610,U6,00,000,0029360,610U600US12011,12011,3,5,12,00294478,011,648226604,145262997,11,State Senate District 11,N,556064,215061,+28.6312152,-081.5254496,LU,12011,556064,476765,196922,198239,2491,21239,440,57434,79299,75520,5999,3612,2801,157,53506,1011,959,282,5445,71,17,540,133,800,187,3204,652,299,30,1043,95,4,458,106,207,29,21,4,95,31,109,7,3,9,0,2,525,68,6,344,17,55,1,3,13,0,12,3,2,0,0,1,50,10,38,0,0,0,2,0,0,556064,137573,418491,392340,170127,192631,1009,20862,338,7373,26151,24800,5267,3145,2616,135,8776,888,908,276,1868,68,3,72,118,586,74,1218,408,232,22,169,70,4,16,90,44,6,19,4,25,26,75,4,1,2,0,1,126,50,5,20,17,24,0,2,1,0,2,2,2,0,0,1,7,2,3,0,0,0,2,0,0,423699,366301,160602,143621,1948,17470,348,42312,57398,55060,3222,2859,1535,126,40409,772,681,217,3926,55,11,408,104,596,139,1951,433,124,7,629,54,1,319,56,96,16,20,4,78,23,73,7,2,7,0,2,354,38,6,244,8,37,0,2,7,0,8,1,2,0,0,1,33,10,21,0,0,0,2,0,0,423699,99797,323902,305673,141617,140257,814,17219,281,5485,18229,17412,2834,2568,1450,108,6677,697,659,211,1465,53,3,62,95,469,61,732,283,102,6,95,39,1,6,53,20,5,18,4,21,20,52,4,0,2,0,1,78,28,5,14,8,16,0,1,1,0,2,0,2,0,0,1,7,2,3,0,0,0,2,0,0,215061,199949,15112,7530,4253,2203,180,1809,61,3277,631,0,2646
PLST,FL,610,U6,00,000,0029361,610U600US12012,12012,3,5,12,00294478,012,4755878511,555132906,12,State Senate District 12,N,584669,295781,+28.8806747,-081.8899129,LU,12012,584669,535446,448395,52280,2268,8475,409,23619,49223,47090,4921,7074,1813,202,29970,314,307,114,1642,61,19,237,64,254,98,1838,440,115,14,469,109,15,333,70,104,13,16,1,86,16,26,0,7,1,2,1,279,24,3,175,4,29,0,8,15,7,4,4,3,0,2,1,15,4,10,1,0,0,0,1,1,584669,74101,510568,491052,427975,50279,1504,8285,373,2636,19516,18656,4368,6704,1711,185,4129,278,281,95,542,45,14,25,53,174,52,786,330,102,14,69,87,15,27,61,26,6,13,0,2,9,16,0,5,1,2,1,63,15,3,21,4,5,0,5,0,0,3,4,1,0,1,1,11,4,7,0,0,0,0,0,0,497002,462014,396222,39290,1848,7112,308,17234,34988,33692,1986,5781,1045,117,22481,255,221,82,1153,46,16,174,54,203,78,1115,275,56,4,247,69,15,223,45,54,5,9,1,71,11,19,0,7,1,2,1,174,14,3,117,0,17,0,3,8,7,1,0,1,0,2,1,6,3,2,1,0,0,0,1,1,497002,52955,444047,430520,381940,38097,1277,6992,277,1937,13527,13011,1764,5567,1004,106,3347,229,206,71,414,37,11,24,48,144,39,471,199,50,4,32,60,15,25,39,14,2,7,0,2,4,9,0,5,1,2,1,42,9,3,21,0,5,0,1,0,0,0,0,1,0,1,1,3,3,0,0,0,0,0,0,0,295781,257962,37819,12637,11830,8801,37,2988,4,807,28,0,779
PLST,FL,610,U6,00,000,0029362,610U600US12013,12013,3,5,12,00294478,013,785977965,39655751,13,State Senate District 13,N,548553,223238,+28.5302192,-081.1529989,LU,12013,548553,440920,281514,54768,2720,29049,515,72354,107633,102228,5484,4227,4629,231,79149,570,839,142,5221,70,12,631,187,530,306,4448,729,344,21,1640,107,11,655,126,361,40,30,3,224,28,96,15,1,9,0,8,907,75,12,702,12,52,9,3,26,0,5,4,3,1,0,3,49,11,33,1,0,2,2,1,1,548553,211608,336945,316230,233274,49082,786,28376,377,4335,20715,19376,4285,3612,4266,207,4387,369,775,133,722,57,2,53,176,278,54,1199,343,280,20,134,89,11,18,107,56,6,17,3,25,24,54,7,1,0,0,4,125,56,8,20,12,13,2,2,3,0,1,1,3,1,0,3,15,8,4,1,0,0,2,0,0,444477,362347,237125,42720,2185,24017,415,55885,82130,78465,3253,3482,2888,145,62422,413,541,129,3905,44,11,482,144,376,230,2946,520,191,8,1071,58,5,500,85,173,28,29,3,163,25,57,14,1,7,0,8,686,51,10,557,9,25,6,3,12,0,3,3,3,1,0,3,33,10,19,1,0,1,2,0,0,444477,161809,282668,267983,201218,39049,640,23587,317,3172,14685,13785,2557,3048,2705,130,3426,284,520,120,534,35,2,38,135,210,41,790,237,164,8,97,52,5,15,73,34,4,16,3,12,21,38,6,1,0,0,4,98,40,8,15,9,12,2,2,2,0,1,0,3,1,0,3,12,8,1,1,0,0,2,0,0,223238,207660,15578,26739,5301,2482,102,2672,45,21438,20646,0,792
PLST,FL,610,U6,00,000,0029363,610U600US12014,12014,3,5,12,00294478,014,2686191988,1205420961,14,State Senate District 14,N,521119,247097,+28.7365132,-080.8739361,LU,12014,521119,467297,384642,46856,2148,9616,442,23593,53822,50959,5574,7780,3208,272,30848,410,327,83,1840,33,1,178,117,203,85,2382,542,175,28,594,149,21,416,134,152,27,8,7,82,16,17,2,1,5,0,6,463,59,0,349,5,17,2,21,4,1,0,2,3,0,0,0,16,6,8,0,2,0,0,2,2,521119,74377,446742,424331,365942,44745,1360,9405,400,2479,22411,21320,4942,7351,3011,252,4433,354,297,77,375,27,1,15,103,80,2,997,379,143,22,87,125,20,25,118,24,8,6,6,11,14,5,0,0,0,0,4,89,38,0,23,1,9,1,13,1,1,0,2,0,0,0,0,4,3,0,0,1,0,0,1,1,426335,388723,326115,34783,1779,8052,353,17641,37612,35908,2265,6180,1792,180,23149,324,213,63,1274,31,1,133,101,134,68,1373,313,66,15,332,73,19,277,77,78,15,5,6,67,6,13,0,1,5,0,5,317,45,0,243,0,9,1,16,2,0,0,1,0,0,0,0,12,3,7,0,2,0,0,2,2,426335,53709,372626,357830,313104,33582,1165,7924,322,1733,14796,14173,2005,5898,1701,165,3410,281,198,61,271,25,1,10,92,54,1,548,215,52,11,49,60,18,16,68,16,7,5,6,11,6,5,0,0,0,0,3,70,33,0,17,0,6,0,13,0,0,0,1,0,0,0,0,4,3,0,0,1,0,0,1,1,247097,216553,30544,8169,4317,1139,15,3128,35,3852,1953,52,1847
PLST,FL,610,U6,00,000,0029364,610U600US12015,12015,3,5,12,00294478,015,4340354719,539869666,15,State Senate District 15,N,713947,278232,+28.1337257,-081.1821932,LU,12015,713947,538177,309073,64795,3370,39863,800,120276,175770,168911,6258,4330,5158,235,139941,592,952,180,8500,84,12,998,176,1000,495,5474,971,298,15,2132,134,9,819,115,453,58,23,1,259,32,112,20,2,6,1,14,1313,70,5,1101,11,62,9,6,18,0,23,4,1,2,0,1,65,19,34,9,3,0,0,7,7,713947,334933,379014,347519,241323,57056,974,39002,639,8525,31495,30127,4572,3643,4771,200,13172,383,874,163,1426,69,7,59,154,527,107,1223,331,219,8,194,92,9,22,103,95,4,20,1,8,31,63,16,0,3,0,4,115,55,1,21,3,18,0,3,3,0,3,4,1,2,0,1,24,13,9,2,0,0,0,6,6,545438,415844,243321,48111,2625,31152,624,90011,129594,125129,3342,3350,2714,138,106007,451,637,132,6252,66,8,806,142,690,394,3499,641,151,10,1348,71,7,598,72,209,45,22,1,203,7,82,13,2,4,1,12,922,38,3,818,7,28,3,2,6,0,12,1,1,2,0,1,37,11,18,5,3,0,0,7,7,545438,248670,296768,275848,195091,43147,760,30637,511,5702,20920,20070,2402,2904,2568,128,9178,307,603,116,1123,51,7,40,130,415,98,756,217,120,8,105,48,7,20,71,58,4,20,1,5,7,48,10,0,3,0,4,72,33,1,16,3,8,0,2,1,0,3,1,1,2,0,1,16,9,5,2,0,0,0,6,6,278232,242402,35830,5197,2646,790,81,1698,77,2551,1489,0,1062
PLST,FL,610,U6,00,000,0029365,610U600US12016,12016,3,5,12,00294478,016,446270246,1056928216,16,State Senate District 16,N,507043,260342,+28.1271315,-082.8361523,LU,12016,507043,458128,394661,27115,2294,12249,437,21372,48915,46409,5365,6138,3451,217,28764,335,235,57,1244,48,8,224,89,172,62,2129,458,174,10,544,111,26,429,85,168,13,13,0,54,23,12,5,2,0,2,0,360,63,3,230,11,23,0,12,5,1,8,1,1,0,2,0,13,7,4,0,0,2,0,4,4,507043,66084,440959,420091,378741,25600,1102,12021,398,2229,20868,19835,4847,5684,3269,197,4745,271,206,47,327,34,5,10,87,94,12,925,325,155,9,131,88,25,36,83,42,1,8,0,9,5,3,3,2,0,0,0,99,45,3,15,8,11,0,9,4,1,3,0,0,0,0,0,9,6,3,0,0,0,0,0,0,421879,388015,339774,20151,1841,10181,306,15762,33864,32393,2331,4911,1935,142,21345,254,156,28,851,33,3,174,71,107,52,1225,278,94,3,259,57,19,293,56,82,9,7,0,38,19,6,3,2,0,0,0,230,31,3,163,7,7,0,6,5,1,6,0,1,0,0,0,12,7,4,0,0,1,0,4,4,421879,47122,374757,360953,328842,19261,948,10039,278,1585,13804,13195,2162,4653,1856,130,3632,208,142,27,217,20,2,8,69,57,12,538,194,84,2,59,46,19,31,56,24,1,5,0,7,4,3,1,2,0,0,0,62,29,3,11,5,4,0,3,4,1,2,0,0,0,0,0,9,6,3,0,0,0,0,0,0,260342,225626,34716,8538,4595,88,64,4429,14,3943,66,0,3877
PLST,FL,610,U6,00,000,0029366,610U600US12017,12017,3,5,12,00294478,017,2718847199,901656424,17,State Senate District 17,N,543317,266018,+27.8976062,-080.6267956,LU,12017,543317,488566,403291,48285,1876,14080,352,20682,54751,51845,5897,6859,4264,277,31253,394,450,71,1837,36,4,170,117,166,50,2537,572,311,29,592,146,9,415,153,174,13,14,3,38,24,28,7,0,5,1,3,344,30,4,225,27,25,0,5,13,0,2,0,7,0,6,0,25,20,4,0,1,0,0,0,0,543317,67884,475433,451249,386538,46415,1148,13800,293,3055,24184,22825,5339,6414,3990,246,5133,320,416,59,674,20,4,8,106,87,9,1269,439,279,28,106,122,9,49,140,25,9,5,3,7,23,22,0,0,0,0,3,79,23,1,11,23,4,0,4,0,0,0,0,7,0,6,0,11,10,0,0,1,0,0,0,0,449376,411415,346519,36058,1508,11559,275,15496,37961,36263,2515,5379,2359,182,23542,278,286,45,1270,31,4,132,105,95,40,1436,332,139,11,291,86,3,305,91,87,8,8,3,26,12,24,2,0,5,1,2,242,23,4,165,13,13,0,5,8,0,0,0,6,0,5,0,20,15,4,0,1,0,0,0,0,449376,48754,400622,384807,335066,34977,953,11379,241,2191,15815,15041,2297,5126,2252,162,3959,249,268,44,484,19,4,6,97,66,8,709,252,123,11,47,80,3,39,84,17,7,3,3,7,12,19,0,0,0,0,2,54,17,1,10,10,1,0,4,0,0,0,0,6,0,5,0,11,10,0,0,1,0,0,0,0,266018,233475,32543,6786,3409,490,218,2681,20,3377,1773,104,1500
PLST,FL,610,U6,00,000,0029367,610U600US12018,12018,3,5,12,00294478,018,497602717,184842399,18,State Senate District 18,N,524046,229648,+28.0207045,-082.5380856,LU,12018,524046,414785,303239,38347,1808,27191,359,43841,109261,105295,5111,4160,4891,221,85200,424,514,87,3802,59,7,274,119,298,128,3410,510,278,32,1269,97,13,539,112,342,20,16,1,100,13,42,12,0,6,2,6,530,76,9,343,13,50,5,7,14,0,4,2,7,0,0,0,26,7,16,3,0,0,0,0,0,524046,179260,344786,324919,259239,34477,719,26761,264,3459,19867,18702,4128,3668,4530,194,4565,330,454,66,456,45,0,12,105,128,21,1044,304,236,26,147,78,13,28,97,32,4,15,1,20,11,21,9,0,0,0,2,114,55,8,25,12,6,0,5,0,0,1,2,0,0,0,0,7,6,1,0,0,0,0,0,0,421402,337606,250202,30120,1468,21543,275,33998,83796,81389,2717,3424,2641,147,68142,331,311,59,2979,46,4,205,101,182,100,2047,334,129,11,799,42,4,378,69,142,9,9,1,76,7,24,7,0,2,1,3,344,45,8,231,7,24,3,5,9,0,3,2,7,0,0,0,16,3,10,3,0,0,0,0,0,421402,138758,282644,269392,217341,27633,586,21263,205,2364,13252,12585,2253,3089,2499,139,3395,269,287,47,355,35,0,9,92,99,17,598,194,115,10,91,37,4,20,57,18,0,9,1,16,5,14,5,0,0,0,2,66,27,7,14,7,5,0,3,0,0,1,2,0,0,0,0,3,2,1,0,0,0,0,0,0,229648,214723,14925,8027,2631,158,212,2186,75,5396,4041,350,1005
PLST,FL,610,U6,00,000,0029368,610U600US12019,12019,3,5,12,00294478,019,545365357,367528746,19,State Senate District 19,N,580419,251046,+27.9538647,-082.3865273,LU,12019,580419,502753,257100,179742,2510,17577,497,45327,77666,73203,8843,4677,3614,221,47890,1131,861,188,4736,63,8,407,165,287,112,3842,950,400,28,1136,155,16,576,117,232,36,17,0,106,26,28,10,0,3,1,5,590,69,14,416,8,42,3,9,14,0,7,3,5,0,0,0,31,7,21,2,0,0,1,0,0,580419,134839,445580,421932,226142,172993,1318,17116,423,3940,23648,21985,7485,4174,3381,182,3305,995,796,176,1110,42,3,19,156,128,33,1550,628,347,26,173,120,13,16,95,39,9,17,0,24,21,15,4,0,0,0,3,103,45,9,23,4,12,0,7,0,0,0,3,0,0,0,0,10,6,3,0,0,0,1,0,0,451409,396443,216144,130362,1945,14234,397,33361,54966,52364,4284,3686,2161,146,36440,845,538,124,3348,43,6,318,128,204,93,2178,585,155,11,605,78,11,398,55,104,21,15,0,85,20,25,4,0,1,1,4,399,37,10,289,7,28,0,7,7,0,6,3,5,0,0,0,25,4,18,2,0,0,1,0,0,451409,96646,354763,339409,194757,126546,1072,13934,341,2759,15354,14380,3691,3367,2068,126,2597,756,514,115,848,26,3,18,120,102,29,904,408,136,10,119,59,11,10,53,23,5,15,0,19,16,14,3,0,0,0,3,63,25,7,13,3,7,0,5,0,0,0,3,0,0,0,0,7,3,3,0,0,0,1,0,0,251046,229010,22036,10705,5897,2935,230,2724,8,4808,1643,71,3094
PLST,FL,610,U6,00,000,0029369,610U600US12020,12020,3,5,12,00294478,020,1807059267,39407752,20,State Senate District 20,N,554516,228276,+28.1637650,-082.1818142,LU,12020,554516,479802,327837,73051,3276,30933,430,44275,74714,71197,6175,6145,4015,231,49165,631,596,70,3156,60,5,367,129,321,131,2956,665,203,32,938,136,10,475,88,216,20,18,3,79,14,36,10,2,3,2,6,529,62,12,370,9,37,3,3,11,0,16,3,1,1,1,0,29,8,19,1,0,1,0,3,3,554516,129034,425482,403518,298367,69606,1234,30537,326,3448,21964,20784,5336,5586,3728,203,3646,522,554,58,762,54,1,23,121,172,18,1068,433,175,30,110,114,10,25,78,24,2,18,2,12,9,24,0,2,0,0,0,100,46,8,14,9,9,1,2,1,0,7,2,0,1,0,0,12,7,4,1,0,0,0,0,0,432450,380621,268094,54191,2550,24028,291,31467,51829,49720,2904,4801,2162,158,35815,447,398,42,2244,41,2,279,102,211,114,1719,394,80,10,523,69,6,341,46,122,11,15,1,57,11,19,7,2,0,2,3,368,32,9,281,2,16,1,2,8,0,11,3,1,1,1,0,19,7,12,0,0,0,0,3,3,432450,89890,342560,328169,248525,52177,1006,23793,227,2441,14391,13719,2533,4506,2064,144,2773,381,382,40,600,38,1,20,99,121,17,603,259,71,9,68,59,6,22,43,18,0,15,1,7,8,15,0,2,0,0,0,59,25,7,8,2,6,0,1,1,0,6,2,0,1,0,0,10,7,3,0,0,0,0,0,0,228276,206686,21590,15882,3251,599,63,2446,143,12631,10595,0,2036
PLST,FL,610,U6,00,000,0029370,610U600US12021,12021,3,5,12,00294478,021,2820210828,904446692,21,State Senate District 21,N,587543,280383,+27.5612718,-082.3811789,LU,12021,587543,519811,412530,48558,2737,15076,406,40504,67732,64929,5393,6026,3378,191,46736,396,313,56,1774,41,6,284,103,175,57,2401,459,171,21,626,115,7,566,109,192,12,13,1,62,15,8,7,3,10,1,3,387,54,7,259,9,25,3,3,9,1,5,2,8,2,0,0,15,3,10,1,1,0,0,0,0,587543,115313,472230,451586,385902,46717,1211,14839,355,2562,20644,19690,4779,5492,3177,178,4727,335,295,53,429,36,3,11,96,67,12,865,297,153,19,99,91,7,23,106,21,5,10,1,6,15,5,3,2,1,0,1,79,48,5,9,3,4,1,3,0,1,2,2,0,1,0,0,10,3,6,0,1,0,0,0,0,471503,425311,348046,35026,2065,11895,307,27972,46192,44530,2351,4752,1712,96,33389,273,172,39,1238,31,4,221,84,121,47,1419,272,68,15,352,67,7,377,75,81,9,13,1,45,14,7,2,3,8,1,2,231,32,1,162,1,16,1,0,9,0,2,1,5,1,0,0,12,3,7,1,1,0,0,0,0,471503,78146,393357,380007,331244,34005,986,11749,273,1750,13350,12769,2100,4431,1638,92,3554,232,165,39,344,28,1,4,80,50,11,534,181,62,14,62,63,7,21,72,13,2,10,1,4,14,5,0,2,0,0,1,39,27,0,5,1,4,0,0,0,0,0,1,0,1,0,0,8,3,4,0,1,0,0,0,0,280383,236590,43793,9427,5899,1943,179,3694,83,3528,26,12,3490
PLST,FL,610,U6,00,000,0029371,610U600US12022,12022,3,5,12,00294478,022,2417837345,339635246,22,State Senate District 22,N,612011,267764,+28.2244886,-081.7397453,LU,12022,612011,525785,352853,92259,3291,13094,419,63869,86226,82284,6725,6622,2459,176,59343,728,512,111,4100,73,9,587,113,568,158,3317,709,232,28,1087,110,9,559,87,162,18,8,11,199,15,51,16,2,5,0,9,599,63,12,447,4,34,7,9,7,0,5,2,2,1,3,3,20,14,4,0,0,0,2,6,6,612011,170406,441605,419306,312581,87773,1454,12764,293,4441,22299,21085,5579,6062,2233,170,4267,582,464,103,988,66,9,30,99,397,36,1093,454,190,27,113,86,9,18,75,33,7,7,9,5,12,36,3,0,3,0,6,115,50,9,25,4,10,5,8,0,0,0,0,0,1,0,3,6,6,0,0,0,0,0,0,0,481141,420434,293522,66977,2540,10721,310,46364,60707,58375,2917,5253,1323,117,43706,585,344,81,2875,50,8,460,92,418,146,1901,436,90,14,567,65,5,371,48,70,7,8,5,143,12,30,14,2,5,0,9,413,36,7,319,0,19,7,9,3,0,5,0,1,1,3,3,16,13,3,0,0,0,0,2,2,481141,120582,360559,345724,266379,64335,1222,10500,225,3063,14835,14125,2404,4924,1239,114,3320,464,318,77,757,47,8,29,78,312,34,624,284,79,14,53,54,5,14,43,17,2,7,3,5,10,22,3,0,3,0,6,80,28,5,21,0,9,5,8,0,0,0,0,0,1,0,3,6,6,0,0,0,0,0,0,0,267764,231057,36707,11940,5827,2508,61,3248,10,6113,5348,0,765
PLST,FL,610,U6,00,000,0029372,610U600US12023,12023,3,5,12,00294478,023,1797841255,1655802304,23,State Senate District 23,N,542081,317181,+27.1047385,-082.3961980,LU,12023,542081,500549,450230,21477,1613,10027,241,16961,41532,39847,3613,5302,2523,167,26345,231,137,27,1048,16,15,172,81,123,47,1517,380,155,35,308,74,19,312,45,105,28,2,10,19,4,17,0,0,1,2,1,145,26,10,79,0,7,2,1,5,0,9,0,0,0,5,1,23,7,14,0,0,0,2,0,0,542081,51932,490149,472503,438554,20621,896,9874,219,2339,17646,16875,3330,4993,2420,158,5064,198,133,27,376,14,7,4,73,56,22,714,298,129,33,74,56,19,21,37,16,13,0,5,2,1,10,0,0,0,0,0,48,21,4,13,0,5,2,1,0,0,0,0,0,0,2,0,9,6,3,0,0,0,0,0,0,469094,439169,400216,16336,1306,8364,181,12766,29925,28915,1640,4355,1335,105,20099,168,79,24,760,14,13,133,66,90,34,897,220,78,19,160,44,10,207,30,62,18,2,10,19,0,16,0,0,0,2,0,101,17,10,58,0,7,0,0,0,0,6,0,0,0,2,1,12,3,7,0,0,0,2,0,0,469094,37818,431276,418897,392215,15833,763,8258,163,1665,12379,11913,1541,4182,1296,103,4110,154,75,24,282,13,7,4,59,50,13,420,176,64,19,39,32,10,16,27,13,8,0,5,2,0,9,0,0,0,0,0,40,16,4,13,0,5,0,0,0,0,0,0,0,0,2,0,6,3,3,0,0,0,0,0,0,317181,249654,67527,9272,7148,830,0,6263,55,2124,1301,0,823
PLST,FL,610,U6,00,000,0029373,610U600US12024,12024,3,5,12,00294478,024,337029908,829020748,24,State Senate District 24,N,490664,270135,+27.8150561,-082.7977899,LU,12024,490664,446491,376578,28739,1659,22663,458,16394,44173,42003,4942,6236,3716,167,24676,290,274,42,1082,57,15,157,92,203,54,1892,440,200,21,458,116,8,311,107,119,11,4,0,45,18,26,4,2,2,0,0,257,34,4,160,4,28,0,10,10,0,4,1,2,0,0,0,17,4,3,1,0,6,3,4,4,490664,52532,438132,417392,363408,27541,1036,22404,429,2574,20740,19704,4461,5855,3549,156,4552,246,245,39,296,48,10,25,87,120,15,957,353,175,20,109,101,8,15,99,36,0,2,0,12,15,10,1,1,0,0,0,72,28,4,15,1,15,0,9,0,0,0,0,0,0,0,0,7,4,0,0,0,0,3,0,0,416487,384809,330517,21427,1398,18589,349,12529,31678,30426,2131,5129,2078,109,19337,230,165,27,760,53,11,122,80,150,44,1097,264,70,9,262,62,8,221,66,64,5,3,0,30,13,19,0,1,0,0,0,140,15,1,101,4,8,0,7,2,0,0,0,2,0,0,0,11,4,3,1,0,0,3,4,4,416487,39167,377320,363243,321104,20653,912,18408,323,1843,14077,13513,1937,4888,2016,103,3712,204,152,27,216,44,8,19,75,98,14,524,209,55,8,62,50,8,12,64,23,0,2,0,10,11,10,0,0,0,0,0,33,13,1,6,1,6,0,6,0,0,0,0,0,0,0,0,7,4,0,0,0,0,3,0,0,270135,228662,41473,10183,7194,2649,118,4387,40,2989,1648,0,1341
PLST,FL,610,U6,00,000,0029374,610U600US12025,12025,3,5,12,00294478,025,4001657281,1452820659,25,State Senate District 25,N,531634,244820,+27.1002481,-080.4736719,LU,12025,531634,471085,342932,82209,2784,8841,268,34051,60549,58092,5246,4821,2302,181,41438,432,461,127,2197,37,14,388,72,275,101,2095,450,220,26,589,74,12,369,55,196,17,8,0,22,27,18,3,9,0,0,0,316,41,0,189,12,45,0,4,3,9,1,3,6,0,3,0,39,16,10,7,0,4,2,7,7,531634,99471,432163,412857,319927,79938,881,8639,199,3273,19306,18260,4660,4458,2116,170,4808,381,441,119,787,30,6,19,69,174,22,921,331,196,20,124,64,10,22,41,51,3,6,0,10,21,13,2,7,0,0,0,104,40,0,18,11,20,0,3,1,0,0,3,5,0,3,0,17,10,4,3,0,0,0,4,4,429862,387516,293562,60264,2061,7257,212,24160,42346,40890,2386,3778,1234,133,30405,332,340,95,1520,14,5,289,61,219,79,1217,273,119,12,301,42,10,266,28,101,14,5,0,9,13,14,2,8,0,0,0,199,34,0,128,8,13,0,3,0,6,0,0,4,0,3,0,35,15,8,6,0,4,2,5,5,429862,69404,360458,347579,278219,59047,727,7129,177,2280,12879,12233,2166,3565,1162,123,3649,293,328,91,599,10,1,17,58,149,22,557,206,113,10,72,36,8,13,21,37,3,3,0,5,9,13,2,6,0,0,0,68,33,0,11,7,8,0,3,0,0,0,0,3,0,3,0,17,10,4,3,0,0,0,4,4,244820,212319,32501,8174,6188,3924,47,2211,6,1986,172,24,1790
PLST,FL,610,U6,00,000,0029375,610U600US12026,12026,3,5,12,00294478,026,14183268452,1490226053,26,State Senate District 26,N,497629,247586,+27.3088231,-081.4602175,LU,12026,497629,446608,354475,47901,2639,7093,195,34305,51021,49201,4017,5396,1413,128,35404,272,177,80,1426,14,4,581,58,148,83,1518,312,101,14,388,99,17,342,73,62,14,14,1,25,8,19,8,1,1,0,19,265,37,8,147,0,23,11,5,17,2,8,3,3,1,0,0,36,19,13,3,0,0,1,1,1,497629,99793,397836,383026,326418,46336,1476,6942,150,1704,14810,14075,3566,5040,1335,115,3126,225,148,74,292,8,4,6,44,70,22,646,212,85,7,90,79,11,28,64,21,2,14,1,2,8,12,1,1,0,0,8,70,23,6,8,0,10,9,5,2,0,2,3,1,1,0,0,19,11,7,0,0,0,1,0,0,403032,368760,300381,36670,1947,5670,147,23945,34272,33240,1574,4282,765,76,24647,168,109,70,906,6,3,402,51,113,68,841,179,41,2,176,70,15,221,44,28,4,9,0,16,7,8,5,0,1,0,15,163,19,4,107,0,11,3,2,10,0,5,1,0,1,0,0,27,15,8,3,0,0,1,1,1,403032,67796,335236,325453,281585,35800,1165,5591,121,1191,9783,9365,1391,4101,733,70,2447,144,93,66,194,5,3,5,40,54,19,365,116,37,2,41,60,11,21,35,8,2,9,0,1,7,8,1,0,0,0,6,40,13,3,7,0,8,1,2,2,0,2,1,0,1,0,0,13,9,3,0,0,0,1,0,0,247586,199040,48546,18731,16535,14160,274,1999,102,2196,447,0,1749
PLST,FL,610,U6,00,000,0029376,610U600US12027,12027,3,5,12,00294478,027,1133188612,1759488404,27,State Senate District 27,N,579819,318621,+26.5703959,-082.0780718,LU,12027,579819,508195,408919,45317,2899,10876,231,39953,71624,69393,4502,4679,2544,136,54118,248,197,62,2242,31,10,280,73,188,83,1967,364,154,3,606,95,10,381,87,158,20,12,0,41,8,12,2,2,0,0,12,233,23,0,186,3,3,1,5,5,0,7,0,0,0,0,0,28,6,21,1,0,0,0,3,3,579819,123153,456666,438364,380415,43096,910,10644,170,3129,18302,17460,3918,4263,2414,122,5562,217,188,56,494,23,10,26,66,97,4,786,276,128,3,130,90,10,3,76,22,0,10,0,9,7,7,2,2,0,0,11,53,22,0,18,3,3,1,5,0,0,1,0,0,0,0,0,3,0,2,1,0,0,0,0,0,479881,428003,355950,32180,2106,8916,182,28669,51878,50580,2088,3757,1491,91,40663,195,145,51,1592,22,7,211,73,127,67,1110,232,66,3,301,49,6,248,63,74,11,10,0,18,6,11,2,2,0,0,8,170,16,0,135,0,3,1,4,5,0,6,0,0,0,0,0,15,4,10,1,0,0,0,3,3,479881,87718,392163,379627,336877,30927,748,8754,137,2184,12536,12047,1859,3496,1437,84,4257,175,140,47,367,16,7,16,66,76,4,452,184,58,3,55,44,6,3,52,6,0,10,0,9,5,6,2,2,0,0,7,34,15,0,11,0,3,1,4,0,0,0,0,0,0,0,0,3,0,2,1,0,0,0,0,0,318621,243887,74734,12134,5857,1484,142,4211,20,6277,4646,55,1576
PLST,FL,610,U6,00,000,0029377,610U600US12028,12028,3,5,12,00294478,028,8820624519,1792033072,28,State Senate District 28,N,563557,322228,+26.2576795,-081.3815406,LU,12028,563557,477908,369264,40784,3503,7882,186,56289,85649,83925,2791,3400,1920,118,72480,165,183,81,1865,30,15,540,55,186,96,1514,198,83,5,475,39,12,344,66,186,9,6,1,27,24,21,9,1,5,1,2,201,27,4,100,5,13,6,6,23,2,7,2,3,0,3,0,9,3,6,0,0,0,0,0,0,563557,170140,393417,381080,330827,39145,952,7659,138,2359,12337,11831,2402,2837,1799,101,3652,109,165,78,496,20,4,15,47,87,19,436,109,78,3,72,38,10,16,55,10,1,5,1,3,22,10,1,1,1,0,0,66,14,1,23,5,6,3,4,0,0,2,2,3,0,3,0,4,0,4,0,0,0,0,0,0,462508,399878,321553,28808,2520,6503,126,40368,62630,61630,1291,2682,1021,65,54319,90,109,63,1331,23,10,389,45,123,69,879,125,48,1,236,25,4,247,35,90,8,5,1,14,14,13,5,1,5,0,2,118,8,1,75,0,7,4,1,19,0,2,1,0,0,0,0,3,3,0,0,0,0,0,0,0,462508,121786,340722,332293,295550,27931,736,6336,105,1635,8429,8133,1119,2336,957,65,2895,72,100,62,371,19,3,13,43,62,16,266,77,47,1,42,24,4,8,31,0,1,5,1,3,13,6,1,1,1,0,0,30,2,1,19,0,3,1,1,0,0,2,1,0,0,0,0,0,0,0,0,0,0,0,0,0,322228,229829,92399,7984,3598,803,45,2590,160,4386,949,0,3437
PLST,FL,610,U6,00,000,0029378,610U600US12029,12029,3,5,12,00294478,029,3069170839,101471474,29,State Senate District 29,N,528123,240436,+26.5075573,-080.4994366,LU,12029,528123,446365,332728,59670,1157,22843,200,29767,81758,78933,4546,2088,3513,125,64631,234,695,132,2190,56,10,243,66,327,77,2437,311,307,26,720,62,6,469,60,297,17,9,3,63,12,53,8,0,10,1,3,351,48,5,209,9,54,4,0,10,3,4,0,2,0,2,1,36,4,27,0,4,0,1,1,1,528123,105463,422660,395727,308002,58006,426,22480,154,6659,26933,25886,4079,1741,3246,111,14513,170,641,131,907,43,7,25,61,186,25,937,211,277,22,162,50,4,18,57,53,2,8,1,12,10,37,6,0,5,0,2,93,36,3,14,9,23,2,0,1,0,3,0,0,0,2,0,17,3,10,0,3,0,1,0,0,423605,363795,277677,44766,881,17770,134,22567,59810,58047,2553,1605,1880,70,49045,172,479,113,1576,36,10,192,51,210,55,1520,231,181,19,424,33,5,327,34,135,10,6,1,52,8,38,5,0,8,1,2,217,35,3,128,6,27,2,0,6,3,4,0,1,0,1,1,25,4,16,0,4,0,1,1,1,423605,78149,345456,326760,260170,43729,327,17541,114,4879,18696,18005,2343,1397,1795,66,10755,133,446,112,711,28,7,19,48,127,18,618,167,167,15,110,26,3,12,33,25,0,5,0,12,7,27,3,0,5,0,1,60,26,3,9,6,10,2,0,0,0,3,0,0,0,1,0,13,3,6,0,3,0,1,0,0,240436,210477,29959,11614,5175,2324,118,2722,11,6439,5150,0,1289
PLST,FL,610,U6,00,000,0029379,610U600US12030,12030,3,5,12,00294478,030,670943216,270495900,30,State Senate District 30,N,529170,252317,+26.7905432,-080.1200865,LU,12030,529170,460012,287717,114262,3079,16008,234,38712,69158,66572,4937,2785,2536,135,51085,524,598,188,2825,47,3,428,85,300,96,2231,363,211,13,743,57,13,426,63,208,19,6,2,30,26,27,12,3,4,1,4,327,50,7,173,16,44,3,9,14,0,3,0,0,1,5,2,26,2,22,0,0,2,0,2,2,529170,119644,409526,393409,262341,111584,545,15720,166,3053,16117,15255,4375,2396,2379,120,3588,477,552,183,876,39,0,10,79,157,24,753,226,178,13,86,46,8,13,61,41,7,5,1,3,25,22,8,3,4,0,3,101,29,6,11,16,21,3,6,0,0,3,0,0,1,5,0,8,1,5,0,0,2,0,0,0,425834,374622,247773,83651,2122,13004,195,27877,51212,49609,2540,2206,1381,93,39652,393,424,146,2032,35,3,327,71,223,83,1353,246,103,6,381,37,9,314,43,110,12,6,0,24,23,17,10,3,4,1,4,227,23,6,131,14,27,3,6,7,0,2,0,0,1,5,2,21,2,17,0,0,2,0,2,2,425834,87484,338350,327484,229921,82084,418,12827,149,2085,10866,10312,2311,1956,1313,86,2827,360,397,141,669,29,0,6,65,130,22,478,163,91,6,42,28,4,9,43,25,4,5,0,3,23,15,7,3,4,0,3,68,11,6,9,14,14,3,3,0,0,2,0,0,1,5,0,8,1,5,0,0,2,0,0,0,252317,216049,36268,8954,5237,1319,202,3672,44,3717,508,9,3200
PLST,FL,610,U6,00,000,0029380,610U600US12031,12031,3,5,12,00294478,031,323215737,111941444,31,State Senate District 31,N,534663,254101,+26.5401834,-080.0944403,LU,12031,534663,456298,283694,102998,5538,13325,287,50456,78365,75918,4268,2606,2041,113,61494,369,552,163,3158,39,3,662,77,264,109,2175,318,206,12,723,75,7,423,40,195,10,10,1,51,33,44,19,0,7,1,0,252,42,2,137,2,45,2,5,7,1,0,2,0,0,5,2,20,4,12,2,1,1,0,0,0,534663,150060,384603,369629,252280,100136,608,13086,215,3304,14974,14149,3641,1986,1876,104,4450,325,520,154,812,35,2,12,67,138,27,746,192,187,11,127,51,6,9,40,34,2,8,1,2,28,36,11,0,1,0,0,72,25,2,9,2,23,2,4,0,0,0,0,0,0,5,0,7,0,4,1,1,1,0,0,0,434958,376142,249818,74804,3820,10836,244,36620,58816,57288,2411,2069,1138,72,47665,282,391,135,2272,30,3,469,67,197,87,1343,211,115,4,422,28,3,307,24,101,6,7,0,45,20,28,15,0,6,1,0,170,27,2,97,1,30,1,4,2,1,0,0,0,0,3,2,15,4,7,2,1,1,0,0,0,434958,109862,325096,314550,227659,73180,500,10659,193,2359,10546,10035,2107,1680,1054,68,3532,251,376,128,610,28,2,7,59,111,22,458,137,103,3,77,24,2,9,24,20,1,5,0,2,20,23,7,0,1,0,0,48,18,2,4,1,16,1,3,0,0,0,0,0,0,3,0,5,0,2,1,1,1,0,0,0,254101,219293,34808,6622,3926,0,9,3862,55,2696,92,0,2604
PLST,FL,610,U6,00,000,0029381,610U600US12032,12032,3,5,12,00294478,032,2444199080,17397226,32,State Senate District 32,N,513187,192343,+26.2480353,-080.6053221,LU,12032,513187,381530,232443,72030,1697,29816,251,45293,131657,127221,5521,1862,3090,123,109041,324,1273,198,4424,55,12,465,121,615,97,3867,341,537,20,1424,71,8,598,65,531,15,19,4,81,36,91,13,1,8,0,4,532,53,5,305,10,112,5,3,26,0,3,4,4,0,2,0,36,4,27,4,0,0,1,1,1,513187,202748,310439,290894,186910,69058,713,29160,180,4873,19545,18187,4668,1458,2735,107,5781,252,1199,183,1240,51,8,16,100,337,52,1222,174,475,20,182,50,8,24,58,67,1,15,2,16,34,77,11,1,4,0,3,118,37,4,17,9,37,3,3,3,0,0,3,0,0,2,0,18,4,13,0,0,0,1,0,0,397396,298122,185682,53480,1299,23076,200,34385,99274,96593,3220,1471,1723,88,84480,239,915,153,3292,46,10,381,93,405,77,2297,243,293,8,758,39,5,451,53,252,9,14,4,66,26,55,12,1,5,0,3,358,36,3,229,5,62,1,1,18,0,1,1,1,0,0,0,25,4,16,4,0,0,1,1,1,397396,152223,245173,231869,153547,51768,509,22602,152,3291,13304,12454,2794,1184,1554,77,4208,199,883,144,982,42,6,12,77,253,39,761,123,266,8,109,31,5,21,48,33,0,10,2,15,24,51,11,1,1,0,2,75,29,2,14,5,21,1,1,2,0,0,0,0,0,0,0,14,4,9,0,0,0,1,0,0,192343,182485,9858,2300,835,0,17,805,13,1465,1068,0,397
PLST,FL,610,U6,00,000,0029382,610U600US12033,12033,3,5,12,00294478,033,208262272,7654061,33,State Senate District 33,N,521595,222238,+26.1929962,-080.2025593,LU,12033,521595,451498,128126,266950,1997,12766,217,41442,70097,67136,5584,1423,1265,74,49421,824,1466,376,5540,66,10,472,57,442,116,2541,369,353,30,891,39,2,322,39,237,20,17,5,76,40,78,13,0,3,0,7,381,43,7,189,13,87,3,3,20,1,5,1,6,0,3,0,38,6,28,4,0,0,0,1,1,521595,118559,403036,385585,105134,262229,708,12426,176,4912,17451,16293,4967,1056,1115,67,3801,735,1398,367,2283,51,7,25,54,324,43,1039,256,313,25,204,27,0,22,29,43,2,15,3,10,21,50,11,0,1,0,7,110,32,5,21,13,27,2,3,2,0,0,0,2,0,3,0,9,5,4,0,0,0,0,0,0,410125,354751,112291,197575,1563,10765,176,32381,55374,53454,3454,1175,799,54,40727,635,1114,337,4194,47,5,402,49,360,102,1646,275,217,14,518,22,0,264,26,134,14,11,5,57,25,42,12,0,3,0,7,244,28,5,135,7,47,1,2,11,0,3,1,2,0,2,0,29,6,19,4,0,0,0,1,1,410125,92336,317789,304716,95159,194726,569,10531,145,3586,13073,12277,3183,898,740,52,3179,576,1080,332,1808,39,2,17,47,283,41,709,201,196,12,135,16,0,21,23,20,0,9,3,7,18,30,10,0,1,0,7,78,19,3,19,7,21,1,2,2,0,0,0,2,0,2,0,9,5,4,0,0,0,0,0,0,222238,200103,22135,5382,3893,1374,9,2465,45,1489,0,0,1489
PLST,FL,610,U6,00,000,0029383,610U600US12034,12034,3,5,12,00294478,034,248129008,231197454,34,State Senate District 34,N,511443,295325,+26.1440475,-080.1089953,LU,12034,511443,421915,286174,77628,2650,11685,272,43506,89528,86477,4154,2406,2091,103,71814,410,604,127,3743,61,15,392,97,353,107,2596,353,247,20,888,52,6,453,49,306,18,17,1,72,17,69,14,0,4,2,8,415,54,8,235,3,70,6,3,16,0,5,1,8,0,6,0,37,9,23,1,0,0,4,3,3,511443,141711,369732,348160,254188,74799,1087,11299,211,6576,21572,20560,3561,1999,1854,89,10680,332,520,123,998,50,14,14,90,185,51,893,219,202,12,208,42,5,8,41,62,1,14,1,8,13,44,9,0,1,0,3,98,35,7,18,2,22,4,3,1,0,1,1,1,0,3,0,21,8,9,0,0,0,4,0,0,429685,357778,251769,58803,2043,9981,209,34973,71907,69935,2443,2065,1365,77,59464,300,431,98,2879,49,12,311,83,261,97,1675,224,152,15,530,27,2,367,30,174,12,14,1,51,13,41,11,0,4,0,7,264,36,5,165,2,32,3,0,10,0,3,0,4,0,4,0,30,8,18,1,0,0,3,3,3,429685,113304,316381,299802,226946,57050,830,9686,168,5122,16579,15965,2120,1762,1239,66,8936,252,390,95,769,41,11,13,78,145,48,537,130,130,9,102,23,2,7,26,46,0,11,1,5,10,25,7,0,1,0,2,57,24,4,11,1,12,3,0,1,0,0,0,0,0,1,0,20,8,9,0,0,0,3,0,0,295325,233449,61876,5909,4611,1766,4,2652,189,1298,0,0,1298
PLST,FL,610,U6,00,000,0029384,610U600US12035,12035,3,5,12,00294478,035,234990517,14651414,35,State Senate District 35,N,507129,180429,+25.9582600,-080.2800475,LU,12035,507129,387666,89095,231773,1445,15564,174,49615,119463,116082,4031,651,979,65,97549,748,1156,196,9466,53,6,559,40,460,123,2980,278,348,8,1355,40,1,380,45,289,17,11,5,71,28,76,9,1,10,0,8,374,37,7,215,3,82,1,3,12,0,10,0,2,0,2,0,24,1,18,3,2,0,0,3,3,507129,207734,299395,287887,43524,224708,474,15027,117,4037,11508,10598,3235,340,783,45,1994,655,1079,193,1881,44,6,22,36,250,35,827,164,287,3,156,31,1,12,32,34,1,10,5,6,24,48,8,0,1,0,4,78,24,3,20,3,25,0,1,0,0,0,0,0,0,2,0,3,1,2,0,0,0,0,2,2,396195,298509,70229,175764,1132,12337,141,38906,97686,95350,2787,485,617,57,81414,582,865,161,7407,44,3,458,39,333,98,2049,209,233,4,904,15,0,297,35,186,12,7,5,52,19,48,8,1,9,0,5,265,30,5,161,2,44,0,1,11,0,8,0,1,0,2,0,19,1,15,1,2,0,0,3,3,396195,165961,230234,221539,35357,171081,348,11983,98,2672,8695,8048,2302,262,527,39,1559,526,830,159,1541,35,3,9,36,193,27,590,131,189,2,115,12,0,10,31,27,1,6,5,6,15,32,7,0,0,0,1,54,18,1,14,2,17,0,0,0,0,0,0,0,0,2,0,1,1,0,0,0,0,0,2,2,180429,170384,10045,2776,1680,281,6,1097,296,1096,251,0,845
PLST,FL,610,U6,00,000,0029385,610U600US12036,12036,3,5,12,00294478,036,354652514,42333017,36,State Senate District 36,N,500689,177252,+25.8622728,-080.3702777,LU,12036,500689,229830,133332,21909,1059,5605,63,67862,270859,268249,934,432,551,21,259309,125,152,33,5765,25,3,526,20,251,102,2302,104,81,7,1032,23,3,433,10,471,29,4,1,37,6,42,9,3,3,2,2,280,12,1,162,0,76,2,3,9,3,9,0,0,0,3,0,27,8,17,1,0,0,1,1,1,500689,438639,62050,57874,31893,18803,186,5156,36,1800,4176,3933,499,196,347,15,2332,95,132,30,188,19,1,16,13,44,6,216,37,48,7,34,11,2,11,8,20,2,3,0,2,5,20,6,0,0,0,0,21,3,0,7,0,6,0,2,0,0,0,0,0,0,3,0,6,5,0,0,0,0,1,0,0,406616,176704,99606,17507,838,4557,48,54148,229912,228018,628,319,388,16,220728,92,111,24,4965,19,2,445,19,175,87,1678,77,56,6,747,16,2,352,7,305,22,4,1,31,6,31,7,3,3,0,2,197,9,1,119,0,50,1,1,3,3,7,0,0,0,3,0,18,8,8,1,0,0,1,1,1,406616,363525,43091,40123,19890,15056,124,4196,31,826,2968,2784,355,134,264,10,1609,69,99,21,141,14,1,13,12,36,6,162,27,35,6,23,8,1,10,7,14,1,3,0,2,5,15,5,0,0,0,0,16,0,0,7,0,6,0,0,0,0,0,0,0,0,3,0,6,5,0,0,0,0,1,0,0,177252,168767,8485,4746,3900,2487,0,1174,239,846,0,0,846
PLST,FL,610,U6,00,000,0029386,610U600US12037,12037,3,5,12,00294478,037,196685965,426721338,37,State Senate District 37,N,508693,228294,+25.6912633,-080.2501523,LU,12037,508693,281794,185691,23279,1735,10097,134,60858,226899,223434,2299,1156,1759,64,210829,165,348,32,5690,33,7,673,35,251,93,3048,195,168,13,1213,38,9,654,34,572,44,4,2,33,13,41,6,0,9,0,0,395,16,4,260,5,75,2,1,18,3,8,0,1,0,2,0,18,4,11,1,1,0,1,4,4,508693,365116,143577,132472,99624,19993,218,9588,83,2966,11105,10585,1659,607,1459,42,5892,105,306,29,340,21,3,20,29,56,17,468,86,128,11,91,22,6,9,31,47,1,3,0,1,9,16,4,0,3,0,0,42,9,2,13,5,10,0,0,0,0,1,0,0,0,2,0,7,3,2,0,1,0,1,3,3,420098,229311,150141,19250,1404,8704,117,49695,190787,188303,1613,964,1117,49,178413,108,263,19,4892,22,5,549,32,173,84,2173,153,108,9,837,19,5,542,22,348,37,4,2,31,12,32,3,0,9,0,0,294,13,4,201,5,45,1,0,14,3,5,0,1,0,2,0,13,4,7,1,0,0,1,4,4,420098,303481,116617,108354,81325,16525,150,8306,75,1973,8263,7906,1163,536,940,34,4518,67,238,16,280,15,2,11,27,43,16,315,63,88,7,58,8,2,6,20,31,1,3,0,1,8,14,2,0,3,0,0,35,8,2,11,5,6,0,0,0,0,1,0,0,0,2,0,4,3,0,0,0,0,1,3,3,228294,204001,24293,8485,3220,1425,83,1712,0,5265,4344,0,921
PLST,FL,610,U6,00,000,0029387,610U600US12038,12038,3,5,12,00294478,038,134496531,195467095,38,State Senate District 38,N,488200,260169,+25.8637796,-080.1329853,LU,12038,488200,362159,170234,130296,1798,8827,139,50865,126041,123123,3128,893,1707,56,108397,472,387,97,7076,25,6,561,41,218,59,2474,191,140,15,1155,30,5,456,24,312,26,6,0,48,7,39,6,0,11,2,1,415,24,9,271,3,70,1,2,20,1,9,0,1,0,4,0,27,5,16,4,2,0,0,2,2,488200,212212,275988,261556,123146,125447,433,8514,73,3943,14432,13915,2504,574,1510,40,7222,404,346,91,1059,14,2,13,34,97,5,455,106,103,11,138,17,1,16,18,19,0,5,0,2,4,12,3,0,0,0,0,58,13,5,19,3,12,0,2,0,0,1,0,0,0,3,0,4,4,0,0,0,0,0,0,0,397194,291454,140092,101060,1439,7651,112,41100,105740,103615,2296,712,1179,48,92065,356,306,79,5807,17,6,483,36,175,50,1780,138,90,11,829,18,5,347,18,213,19,6,0,36,6,27,5,0,11,0,1,320,20,9,227,3,35,0,0,15,1,6,0,1,0,3,0,23,5,14,2,2,0,0,2,2,397194,175430,221764,210385,102111,97593,327,7416,64,2874,11379,10999,1884,473,1072,36,5851,306,280,73,891,9,2,10,30,77,5,330,88,68,7,101,11,1,7,15,10,0,5,0,2,3,9,3,0,0,0,0,46,11,5,16,3,8,0,0,0,0,1,0,0,0,2,0,4,4,0,0,0,0,0,0,0,260169,203256,56913,8886,3510,1013,19,2426,52,5376,3274,29,2073
PLST,FL,610,U6,00,000,0029388,610U600US12039,12039,3,5,12,00294478,039,6443211305,11741236364,39,State Senate District 39,N,541783,201300,+25.2157492,-081.1583744,LU,12039,541783,323951,187302,59558,2969,7219,203,66700,217832,214717,2344,1873,1232,81,202328,357,332,75,5032,21,2,678,36,232,94,2736,208,149,7,1139,28,3,595,34,432,15,13,0,50,12,35,7,1,3,1,4,337,16,3,208,1,75,1,6,19,1,5,0,1,0,1,0,40,5,31,4,0,0,0,2,2,541783,375275,166508,158963,93616,55573,482,6736,142,2414,7545,7048,1616,1174,972,74,1965,276,289,68,492,9,1,16,34,51,11,446,97,118,7,89,17,3,24,31,22,0,10,0,1,9,10,4,0,1,0,3,45,9,2,6,1,23,0,3,0,0,0,0,0,0,1,0,5,5,0,0,0,0,0,1,1,427663,247487,146075,42073,2233,5887,153,51066,180176,178171,1426,1472,787,53,169033,284,252,65,3920,10,2,576,32,178,81,1736,143,80,7,682,19,0,435,16,247,10,7,0,44,11,26,4,1,3,0,1,237,12,2,149,1,51,1,4,10,1,4,0,1,0,1,0,30,2,26,2,0,0,0,2,2,427663,298430,129233,123783,76809,39543,368,5533,108,1422,5450,5143,1011,987,636,52,1488,218,231,58,364,5,1,11,30,40,11,271,58,61,7,54,13,0,22,15,15,0,4,0,1,8,9,3,0,1,0,0,33,9,1,0,1,18,0,3,0,0,0,0,0,0,1,0,2,2,0,0,0,0,0,1,1,201300,177802,23498,11857,6899,5732,40,952,175,4958,2895,100,1963
PLST,FL,610,U6,00,000,0029389,610U600US12040,12040,3,5,12,00294478,040,228835390,9478813,40,State Senate District 40,N,492555,175194,+25.6683892,-080.3973328,LU,12040,492555,243030,146101,30568,1205,10869,94,54193,249525,246186,2050,867,1158,31,235864,165,577,48,4425,21,1,538,28,329,84,2942,162,222,0,1173,23,3,600,22,600,16,3,1,56,18,36,4,1,1,0,1,371,14,1,254,2,75,0,5,12,0,7,0,1,0,0,0,23,3,17,2,1,0,0,3,3,492555,388881,103674,96631,55401,28215,236,10298,67,2414,7043,6591,1447,430,849,17,2366,123,542,45,608,10,0,21,24,103,6,408,62,199,0,60,5,2,7,14,13,1,3,0,1,14,25,2,0,0,0,0,41,9,1,16,1,11,0,3,0,0,0,0,0,0,0,0,3,2,1,0,0,0,0,0,0,400664,190541,111844,24957,960,9165,69,43546,210123,207757,1470,650,793,23,199774,128,475,36,3611,17,1,453,20,238,68,2072,120,166,0,793,13,2,475,15,383,10,3,1,43,18,24,4,1,1,0,0,275,12,1,198,1,52,0,1,6,0,3,0,1,0,0,0,16,3,11,1,1,0,0,3,3,400664,319027,81637,76224,42532,23207,189,8731,59,1506,5413,5080,1079,325,619,11,1857,95,452,33,482,10,0,15,17,81,4,300,45,151,0,38,3,1,5,11,10,0,3,0,1,14,16,2,0,0,0,0,31,7,1,11,1,11,0,0,0,0,0,0,0,0,0,0,2,2,0,0,0,0,0,0,0,175194,167749,7445,3974,2296,1190,0,1099,7,1678,14,0,1664
