geoname,lntitle,geoid,lnnumber,tot_est,tot_moe,adu_est,adu_moe,cit_est,cit_moe,cvap_est,cvap_moe
Alabama,Total,04000US01,1,4864680,0,3765885,532,4759655,3166,3671110,2958
Alabama,Not Hispanic or Latino,04000US01,2,4661535,393,3642745,537,4614900,2094,3600870,1937
Alabama,American Indian or Alaska Native Alone,04000US01,3,23270,1178,18800,973,23235,1179,18765,978
Alabama,Asian Alone,04000US01,4,65215,1235,50160,723,41050,1498,28775,1039
Alabama,Black or African American Alone,04000US01,5,1289275,2337,966740,1084,1281810,2528,960075,1262
Alabama,Native Hawaiian or Other Pacific Islander Alone,04000US01,6,1535,272,1190,207,1425,245,1100,190
Alabama,White Alone,04000US01,7,3201545,28,2561640,42,3187680,1167,2548850,1064
Alabama,American Indian or Alaska Native and White,04000US01,8,26100,1090,20520,909,26045,1090,20460,906
Alabama,Asian and White,04000US01,9,13740,1357,7245,696,13225,1273,6790,640
Alabama,Black or African American and White,04000US01,10,27965,1856,8695,841,27860,1864,8600,845
Alabama,American Indian or Alaska Native and Black or African American,04000US01,11,4330,784,3005,444,4280,764,2955,424
Alabama,Remainder of Two or More Race Responses,04000US01,12,8555,1164,4760,559,8295,1125,4505,518
Alabama,Hispanic or Latino,04000US01,13,203145,393,123140,290,144755,2153,70240,1870
Alaska,Total,04000US02,1,738515,0,552380,170,713900,1354,530385,1120
Alaska,Not Hispanic or Latino,04000US02,2,687330,122,519000,185,666580,1110,500470,961
Alaska,American Indian or Alaska Native Alone,04000US02,3,103610,1347,70850,962,103540,1352,70780,967
Alaska,Asian Alone,04000US02,4,45730,961,35090,567,32840,1203,23575,852
Alaska,Black or African American Alone,04000US02,5,22995,692,17625,380,21300,760,16430,454
Alaska,Native Hawaiian or Other Pacific Islander Alone,04000US02,6,8760,304,5845,207,7865,378,5150,268
Alaska,White Alone,04000US02,7,452105,7,359875,19,447265,539,355115,537
Alaska,American Indian or Alaska Native and White,04000US02,8,29835,1230,18365,941,29755,1233,18290,944
Alaska,Asian and White,04000US02,9,7600,708,3720,413,7505,690,3680,403
Alaska,Black or African American and White,04000US02,10,5995,717,2480,362,5960,699,2450,350
Alaska,American Indian or Alaska Native and Black or African American,04000US02,11,1590,386,770,187,1590,386,770,187
Alaska,Remainder of Two or More Race Responses,04000US02,12,9110,978,4385,566,8960,970,4235,560
Alaska,Hispanic or Latino,04000US02,13,51185,122,33375,153,47320,578,29915,450
Arizona,Total,04000US04,1,6946685,0,5312900,206,6408360,6535,4812765,6028
Arizona,Not Hispanic or Latino,04000US04,2,4783375,0,3869330,200,4618005,3959,3720665,3493
Arizona,American Indian or Alaska Native Alone,04000US04,3,272480,1848,192160,1209,271710,1896,191560,1261
Arizona,Asian Alone,04000US04,4,224785,2077,180915,1429,152545,2520,116065,2065
Arizona,Black or African American Alone,04000US04,5,288550,2474,215405,1365,273805,2489,204230,1534
Arizona,Native Hawaiian or Other Pacific Islander Alone,04000US04,6,12695,545,9870,355,11145,583,8490,459
Arizona,White Alone,04000US04,7,3834845,29,3188285,29,3761310,2785,3119865,2494
Arizona,American Indian or Alaska Native and White,04000US04,8,33295,1773,24035,1214,33210,1775,23965,1212
Arizona,Asian and White,04000US04,9,41595,1862,21975,1296,40160,1779,20705,1225
Arizona,Black or African American and White,04000US04,10,44875,2263,18165,1025,44575,2226,17925,1024
Arizona,American Indian or Alaska Native and Black or African American,04000US04,11,5895,925,3755,712,5895,925,3755,712
Arizona,Remainder of Two or More Race Responses,04000US04,12,24355,1765,14760,1202,23655,1759,14110,1174
Arizona,Hispanic or Latino,04000US04,13,2163310,0,1443570,0,1790355,5635,1092100,5205
Arkansas,Total,04000US05,1,2990670,0,2284730,564,2893855,2618,2195870,2353
Arkansas,Not Hispanic or Latino,04000US05,2,2771620,321,2150900,465,2738850,1707,2121865,1524
Arkansas,American Indian or Alaska Native Alone,04000US05,3,17360,975,13440,741,17360,975,13440,741
Arkansas,Asian Alone,04000US05,4,44520,934,34455,683,28385,985,19945,862
Arkansas,Black or African American Alone,04000US05,5,459935,1646,333360,916,457485,1652,331070,1063
Arkansas,Native Hawaiian or Other Pacific Islander Alone,04000US05,6,8265,475,4890,325,3770,597,1465,342
Arkansas,White Alone,04000US05,7,2176830,28,1728365,28,2168110,993,1720325,874
Arkansas,American Indian or Alaska Native and White,04000US05,8,29820,1148,22965,878,29755,1148,22910,883
Arkansas,Asian and White,04000US05,9,7720,791,3485,447,7360,745,3185,425
Arkansas,Black or African American and White,04000US05,10,19870,1491,5250,689,19805,1473,5240,687
Arkansas,American Indian or Alaska Native and Black or African American,04000US05,11,2380,553,1715,397,2380,553,1715,397
Arkansas,Remainder of Two or More Race Responses,04000US05,12,4915,697,2975,408,4440,638,2570,355
Arkansas,Hispanic or Latino,04000US05,13,219050,321,133830,386,155005,1938,74005,1696
California,Total,04000US06,1,39148760,0,30075105,414,33964450,32526,25232635,30606
California,Not Hispanic or Latino,04000US06,2,23927185,0,19565550,417,22052915,14981,17858510,13395
California,American Indian or Alaska Native Alone,04000US06,3,140800,2827,111120,1968,139370,2863,109930,1977
California,Asian Alone,04000US06,4,5570405,8524,4556905,5571,4326210,10414,3414225,9532
California,Black or African American Alone,04000US06,5,2187350,6008,1724500,3772,2124850,5793,1668865,3733
California,Native Hawaiian or Other Pacific Islander Alone,04000US06,6,141695,2032,111345,1439,126555,2028,97360,1516
California,White Alone,04000US06,7,14768670,29,12402815,3,14256205,6552,11940375,5628
California,American Indian or Alaska Native and White,04000US06,8,165335,2864,130665,1998,164735,2839,130125,1980
California,Asian and White,04000US06,9,480080,7383,251505,4477,454210,7118,231720,4248
California,Black or African American and White,04000US06,10,210075,4655,105990,2710,207080,4591,103500,2690
California,American Indian or Alaska Native and Black or African American,04000US06,11,32665,2073,25990,1562,32345,2084,25725,1559
California,Remainder of Two or More Race Responses,04000US06,12,230105,5884,144720,4317,221360,5743,136680,4149
California,Hispanic or Latino,04000US06,13,15221575,0,10509555,37,11911535,24213,7374125,23100
Colorado,Total,04000US08,1,5531140,0,4271320,508,5212200,6504,3979325,5854
Colorado,Not Hispanic or Latino,04000US08,2,4346345,367,3479735,601,4227665,2958,3374115,2554
Colorado,American Indian or Alaska Native Alone,04000US08,3,30280,1086,23945,800,30205,1088,23870,802
Colorado,Asian Alone,04000US08,4,171660,1746,134930,1128,120650,1950,89750,1379
Colorado,Black or African American Alone,04000US08,5,219365,2222,165820,1384,201890,2445,151110,1613
Colorado,Native Hawaiian or Other Pacific Islander Alone,04000US08,6,7515,415,5775,319,6915,483,5270,388
Colorado,White Alone,04000US08,7,3787770,384,3075855,378,3741005,1891,3033020,1698
Colorado,American Indian or Alaska Native and White,04000US08,8,31235,1068,23655,774,31230,1067,23650,774
Colorado,Asian and White,04000US08,9,40495,1521,21205,1051,38350,1517,19500,1000
Colorado,Black or African American and White,04000US08,10,35165,1931,14695,1047,34940,1898,14485,1020
Colorado,American Indian or Alaska Native and Black or African American,04000US08,11,3870,717,2730,478,3850,709,2715,466
Colorado,Remainder of Two or More Race Responses,04000US08,12,18995,1361,11125,940,18620,1363,10750,942
Colorado,Hispanic or Latino,04000US08,13,1184795,366,791590,365,984535,5161,605210,4721
Connecticut,Total,04000US09,1,3581505,0,2828880,138,3330685,4744,2600980,4059
Connecticut,Not Hispanic or Latino,04000US09,2,3019715,0,2443085,137,2861325,3642,2300085,3073
Connecticut,American Indian or Alaska Native Alone,04000US09,3,5395,594,4120,400,5210,587,3930,397
Connecticut,Asian Alone,04000US09,4,160070,1263,126030,802,102965,1901,74950,1594
Connecticut,Black or African American Alone,04000US09,5,356060,1662,271670,1229,322385,2556,242005,1987
Connecticut,Native Hawaiian or Other Pacific Islander Alone,04000US09,6,1065,202,1005,204,955,185,890,189
Connecticut,White Alone,04000US09,7,2427505,29,2004230,29,2362660,2149,1944230,1985
Connecticut,American Indian or Alaska Native and White,04000US09,8,10270,582,7660,370,10250,581,7640,368
Connecticut,Asian and White,04000US09,9,19870,1283,7515,775,18520,1300,6530,747
Connecticut,Black or African American and White,04000US09,10,25415,1331,11260,886,24855,1281,10765,839
Connecticut,American Indian or Alaska Native and Black or African American,04000US09,11,4660,797,3540,541,4630,797,3515,541
Connecticut,Remainder of Two or More Race Responses,04000US09,12,9400,1097,6055,783,8900,1089,5625,783
Connecticut,Hispanic or Latino,04000US09,13,561790,0,385790,0,469360,3012,300895,2595
Delaware,Total,04000US10,1,949495,0,746070,148,903590,1819,704110,1600
Delaware,Not Hispanic or Latino,04000US10,2,863180,0,691035,146,836635,1458,666950,1295
Delaware,American Indian or Alaska Native Alone,04000US10,3,2850,370,2555,293,2820,366,2555,293
Delaware,Asian Alone,04000US10,4,36830,702,28880,452,22170,967,15640,787
Delaware,Black or African American Alone,04000US10,5,205330,1095,154035,672,198595,1440,148020,1125
Delaware,Native Hawaiian or Other Pacific Islander Alone,04000US10,6,295,87,235,77,285,82,225,78
Delaware,White Alone,04000US10,7,596865,27,495290,27,592180,499,490825,486
Delaware,American Indian or Alaska Native and White,04000US10,8,2445,344,1970,329,2445,344,1970,329
Delaware,Asian and White,04000US10,9,3570,618,1895,389,3225,511,1620,301
Delaware,Black or African American and White,04000US10,10,10315,963,3000,467,10300,963,2980,465
Delaware,American Indian or Alaska Native and Black or African American,04000US10,11,1645,529,1285,385,1645,529,1285,385
Delaware,Remainder of Two or More Race Responses,04000US10,12,3030,590,1895,418,2965,589,1830,419
Delaware,Hispanic or Latino,04000US10,13,86315,0,55035,0,66955,1090,37160,1025
District of Columbia,Total,04000US11,1,684500,0,562760,83,628510,2329,511190,2041
District of Columbia,Not Hispanic or Latino,04000US11,2,609720,0,508040,82,577860,1642,478310,1478
District of Columbia,American Indian or Alaska Native Alone,04000US11,3,1335,190,1200,194,1335,190,1200,194
District of Columbia,Asian Alone,04000US11,4,26770,564,24640,417,18440,724,16600,653
District of Columbia,Black or African American Alone,04000US11,5,316940,875,248790,552,307885,1130,240675,901
District of Columbia,Native Hawaiian or Other Pacific Islander Alone,04000US11,6,280,76,280,76,280,76,280,76
District of Columbia,White Alone,04000US11,7,249295,29,223340,29,235370,1105,210225,979
District of Columbia,American Indian or Alaska Native and White,04000US11,8,710,191,655,189,705,194,650,188
District of Columbia,Asian and White,04000US11,9,5840,538,3690,387,5485,510,3360,355
District of Columbia,Black or African American and White,04000US11,10,4655,631,2520,324,4575,624,2480,322
District of Columbia,American Indian or Alaska Native and Black or African American,04000US11,11,1425,397,1150,287,1425,397,1150,287
District of Columbia,Remainder of Two or More Race Responses,04000US11,12,2480,380,1775,278,2365,371,1690,273
District of Columbia,Hispanic or Latino,04000US11,13,74775,0,54720,0,50650,1379,32880,1209
Florida,Total,04000US12,1,20598140,0,16449585,531,18700200,20154,14724115,18378
Florida,Not Hispanic or Latino,04000US12,2,15413420,0,12538110,474,14677005,9546,11869425,8520
Florida,American Indian or Alaska Native Alone,04000US12,3,42835,1530,34915,1226,42100,1521,34205,1207
Florida,Asian Alone,04000US12,4,560095,2845,454870,1733,407860,4234,316960,3426
Florida,Black or African American Alone,04000US12,5,3195420,5810,2364130,3052,2930235,7984,2127085,5747
Florida,Native Hawaiian or Other Pacific Islander Alone,04000US12,6,12230,791,9860,670,10685,800,8340,672
Florida,White Alone,04000US12,7,11245950,31,9482910,6,10941500,6036,9202120,5374
Florida,American Indian or Alaska Native and White,04000US12,8,60330,1643,49060,1341,60045,1654,48775,1362
Florida,Asian and White,04000US12,9,83385,2778,44250,1745,79345,2650,40770,1607
Florida,Black or African American and White,04000US12,10,142570,4926,52855,2424,139170,4778,50000,2208
Florida,American Indian or Alaska Native and Black or African American,04000US12,11,10810,1335,8390,979,10690,1326,8270,966
Florida,Remainder of Two or More Race Responses,04000US12,12,59790,3228,36870,2198,55380,2980,32900,1974
Florida,Hispanic or Latino,04000US12,13,5184720,0,3911475,235,4023195,14343,2854690,13262
Georgia,Total,04000US13,1,10297485,0,7796190,879,9706000,8648,7254695,7961
Georgia,Not Hispanic or Latino,04000US13,2,9329020,561,7186070,738,9043165,6505,6930325,5667
Georgia,American Indian or Alaska Native Alone,04000US13,3,18710,884,15480,770,18260,908,15070,801
Georgia,Asian Alone,04000US13,4,404525,2360,313590,1440,268840,3132,192390,2688
Georgia,Black or African American Alone,04000US13,5,3210735,4046,2371870,2469,3138725,5475,2307425,4034
Georgia,Native Hawaiian or Other Pacific Islander Alone,04000US13,6,5260,810,3940,611,4675,835,3435,621
Georgia,White Alone,04000US13,7,5494310,700,4380675,479,5422545,3081,4315580,2594
Georgia,American Indian or Alaska Native and White,04000US13,8,31260,1371,24270,1085,31150,1371,24160,1083
Georgia,Asian and White,04000US13,9,41065,2126,20035,1287,37970,1873,18050,1173
Georgia,Black or African American and White,04000US13,10,80585,3471,28570,1771,79535,3366,27660,1681
Georgia,American Indian or Alaska Native and Black or African American,04000US13,11,10750,1151,8675,960,10725,1150,8650,958
Georgia,Remainder of Two or More Race Responses,04000US13,12,31820,2451,18960,1484,30740,2364,17905,1410
Georgia,Hispanic or Latino,04000US13,13,968465,561,610120,826,662835,4946,324370,4625
Hawaii,Total,04000US15,1,1422030,0,1115530,0,1312815,3245,1016555,2809
Hawaii,Not Hispanic or Latino,04000US15,2,1274065,0,1023700,0,1171450,3004,930670,2587
Hawaii,American Indian or Alaska Native Alone,04000US15,3,1875,289,1680,244,1840,279,1645,236
Hawaii,Asian Alone,04000US15,4,524110,4217,451070,3124,450730,3937,384060,2986
Hawaii,Black or African American Alone,04000US15,5,24655,798,20400,625,24140,786,19965,608
Hawaii,Native Hawaiian or Other Pacific Islander Alone,04000US15,6,132820,2092,98155,1413,114630,2430,82315,2022
Hawaii,White Alone,04000US15,7,315585,26,272390,26,306955,726,264195,681
Hawaii,American Indian or Alaska Native and White,04000US15,8,7190,287,6030,244,7100,288,5960,243
Hawaii,Asian and White,04000US15,9,64700,2224,39565,1579,64010,2234,39085,1575
Hawaii,Black or African American and White,04000US15,10,5555,625,2750,458,5520,623,2715,459
Hawaii,American Indian or Alaska Native and Black or African American,04000US15,11,1015,271,865,216,1015,271,865,216
Hawaii,Remainder of Two or More Race Responses,04000US15,12,196555,4195,130795,2907,195510,4160,129865,2899
Hawaii,Hispanic or Latino,04000US15,13,147960,0,91830,0,141360,941,85885,815
Idaho,Total,04000US16,1,1687810,0,1248635,313,1626535,2568,1192740,2365
Idaho,Not Hispanic or Latino,04000US16,2,1478735,151,1119560,358,1457740,1618,1101375,1272
Idaho,American Indian or Alaska Native Alone,04000US16,3,18820,738,13845,603,18795,742,13825,603
Idaho,Asian Alone,04000US16,4,23180,901,18245,653,15810,1047,11775,863
Idaho,Black or African American Alone,04000US16,5,10750,748,7155,488,8905,859,6035,523
Idaho,Native Hawaiian or Other Pacific Islander Alone,04000US16,6,2350,332,1760,239,2090,318,1510,237
Idaho,White Alone,04000US16,7,1389125,164,1059445,162,1378160,1138,1049645,937
Idaho,American Indian or Alaska Native and White,04000US16,8,12500,796,8895,605,12500,796,8895,605
Idaho,Asian and White,04000US16,9,10890,839,5540,578,10510,823,5160,534
Idaho,Black or African American and White,04000US16,10,5890,708,2195,441,5865,702,2180,440
Idaho,American Indian or Alaska Native and Black or African American,04000US16,11,155,71,130,65,155,71,130,65
Idaho,Remainder of Two or More Race Responses,04000US16,12,5075,641,2345,346,4950,650,2220,351
Idaho,Hispanic or Latino,04000US16,13,209075,152,129075,187,168795,2007,91365,1849
Illinois,Total,04000US17,1,12821495,0,9894935,572,11923115,9589,9055185,8950
Illinois,Not Hispanic or Latino,04000US17,2,10646655,292,8438190,601,10239980,5546,8067990,5056
Illinois,American Indian or Alaska Native Alone,04000US17,3,15340,818,12940,673,14925,809,12550,674
Illinois,Asian Alone,04000US17,4,693890,2772,554205,1865,490580,3754,369155,2861
Illinois,Black or African American Alone,04000US17,5,1803620,3740,1357255,1749,1771750,3935,1330155,2260
Illinois,Native Hawaiian or Other Pacific Islander Alone,04000US17,6,3225,375,2600,339,3015,384,2385,341
Illinois,White Alone,04000US17,7,7908960,560,6399155,543,7745275,3947,6247820,3614
Illinois,American Indian or Alaska Native and White,04000US17,8,32330,981,24620,782,32245,973,24560,775
Illinois,Asian and White,04000US17,9,71975,2550,34260,1598,66485,2288,29600,1343
Illinois,Black or African American and White,04000US17,10,84535,3090,31920,1372,84150,3056,31545,1356
Illinois,American Indian or Alaska Native and Black or African American,04000US17,11,7805,807,5800,563,7715,801,5715,559
Illinois,Remainder of Two or More Race Responses,04000US17,12,24975,1495,15435,1055,23840,1473,14505,1039
Illinois,Hispanic or Latino,04000US17,13,2174840,292,1456745,293,1683135,6239,987195,5991
Indiana,Total,04000US18,1,6637425,0,5063135,692,6430185,3992,4876220,3444
Indiana,Not Hispanic or Latino,04000US18,2,6187160,166,4783765,612,6080320,3074,4689990,2543
Indiana,American Indian or Alaska Native Alone,04000US18,3,12175,764,10300,641,12085,768,10210,638
Indiana,Asian Alone,04000US18,4,145690,1642,112405,981,81720,2123,55785,1682
Indiana,Black or African American Alone,04000US18,5,613265,3166,440930,1592,598740,3468,428605,2042
Indiana,Native Hawaiian or Other Pacific Islander Alone,04000US18,6,2200,243,1805,254,1940,258,1545,230
Indiana,White Alone,04000US18,7,5283755,93,4155140,81,5257725,1668,4132160,1405
Indiana,American Indian or Alaska Native and White,04000US18,8,24795,840,19715,779,24775,839,19695,773
Indiana,Asian and White,04000US18,9,23350,1459,11160,820,22080,1428,10150,773
Indiana,Black or African American and White,04000US18,10,68295,2959,23300,1324,67930,2965,23135,1307
Indiana,American Indian or Alaska Native and Black or African American,04000US18,11,2820,620,2290,536,2820,620,2290,536
Indiana,Remainder of Two or More Race Responses,04000US18,12,10815,1055,6725,749,10505,1053,6420,752
Indiana,Hispanic or Latino,04000US18,13,450265,166,279365,345,349865,2411,186225,2148
Iowa,Total,04000US19,1,3132500,0,2402465,575,3032105,2865,2312665,2454
Iowa,Not Hispanic or Latino,04000US19,2,2949205,222,2291665,559,2888800,2037,2238825,1747
Iowa,American Indian or Alaska Native Alone,04000US19,3,9100,610,7110,425,9080,610,7090,426
Iowa,Asian Alone,04000US19,4,75250,1170,57925,801,41970,1282,28415,986
Iowa,Black or African American Alone,04000US19,5,107780,1615,73300,747,95275,1653,63150,921
Iowa,Native Hawaiian or Other Pacific Islander Alone,04000US19,6,2865,320,1845,202,2230,355,1330,238
Iowa,White Alone,04000US19,7,2698310,140,2126880,115,2685220,1138,2115015,1057
Iowa,American Indian or Alaska Native and White,04000US19,8,10170,808,7510,682,10145,810,7485,679
Iowa,Asian and White,04000US19,9,11885,960,5235,586,11360,901,4735,523
Iowa,Black or African American and White,04000US19,10,27475,1514,8335,665,27410,1511,8270,664
Iowa,American Indian or Alaska Native and Black or African American,04000US19,11,1880,542,1065,268,1880,542,1065,268
Iowa,Remainder of Two or More Race Responses,04000US19,12,4490,506,2460,306,4230,479,2265,284
Iowa,Hispanic or Latino,04000US19,13,183295,221,110800,186,143300,1659,73840,1430
Kansas,Total,04000US20,1,2908775,0,2193230,376,2782070,2829,2077565,2406
Kansas,Not Hispanic or Latino,04000US20,2,2568160,51,1983675,367,2517860,1669,1938850,1484
Kansas,American Indian or Alaska Native Alone,04000US20,3,19525,773,14960,599,19500,781,14935,605
Kansas,Asian Alone,04000US20,4,83525,1293,65295,896,53430,1315,38160,1136
Kansas,Black or African American Alone,04000US20,5,164040,1700,121555,953,157435,1759,116010,1071
Kansas,Native Hawaiian or Other Pacific Islander Alone,04000US20,6,1830,265,1475,248,1380,226,1070,220
Kansas,White Alone,04000US20,7,2216855,100,1738510,64,2204720,1030,1727615,937
Kansas,American Indian or Alaska Native and White,04000US20,8,25840,733,18795,587,25835,733,18790,584
Kansas,Asian and White,04000US20,9,13795,1096,6290,632,13150,1025,5770,572
Kansas,Black or African American and White,04000US20,10,31220,1424,10000,826,31135,1425,9915,823
Kansas,American Indian or Alaska Native and Black or African American,04000US20,11,3090,539,2140,361,3090,539,2140,361
Kansas,Remainder of Two or More Race Responses,04000US20,12,8435,1012,4650,676,8195,936,4445,597
Kansas,Hispanic or Latino,04000US20,13,340615,51,209560,123,264210,2224,138715,1951
Kentucky,Total,04000US21,1,4440205,0,3428185,766,4337525,3193,3338200,2699
Kentucky,Not Hispanic or Latino,04000US21,2,4281460,524,3330635,622,4225240,2502,3283200,2004
Kentucky,American Indian or Alaska Native Alone,04000US21,3,8585,604,6970,541,8515,608,6900,554
Kentucky,Asian Alone,04000US21,4,62985,1151,47200,885,37740,1347,26070,1083
Kentucky,Black or African American Alone,04000US21,5,351200,2356,262680,1299,340175,2524,254510,1609
Kentucky,Native Hawaiian or Other Pacific Islander Alone,04000US21,6,2375,270,1715,225,1915,258,1295,224
Kentucky,White Alone,04000US21,7,3769175,428,2970935,417,3751070,1562,2954445,1407
Kentucky,American Indian or Alaska Native and White,04000US21,8,16865,719,14165,659,16835,714,14130,657
Kentucky,Asian and White,04000US21,9,13245,1033,6575,726,12420,967,5885,647
Kentucky,Black or African American and White,04000US21,10,47075,1982,13765,944,46980,1980,13670,941
Kentucky,American Indian or Alaska Native and Black or African American,04000US21,11,2110,497,1785,410,2110,497,1785,410
Kentucky,Remainder of Two or More Race Responses,04000US21,12,7845,963,4845,679,7480,945,4505,656
Kentucky,Hispanic or Latino,04000US21,13,158745,523,97550,621,112290,1491,54995,1381
Louisiana,Total,04000US22,1,4663615,0,3555140,484,4549090,3279,3452765,3062
Louisiana,Not Hispanic or Latino,04000US22,2,4428695,422,3392755,458,4381600,2149,3350275,1875
Louisiana,American Indian or Alaska Native Alone,04000US22,3,24190,907,18835,717,24025,924,18675,719
Louisiana,Asian Alone,04000US22,4,80020,1018,62985,668,55715,1462,41250,1169
Louisiana,Black or African American Alone,04000US22,5,1495920,2407,1090120,1453,1489520,2629,1084230,1725
Louisiana,Native Hawaiian or Other Pacific Islander Alone,04000US22,6,1165,231,890,181,1085,199,810,153
Louisiana,White Alone,04000US22,7,2750535,3,2181400,29,2735255,1215,2167535,1034
Louisiana,American Indian or Alaska Native and White,04000US22,8,19250,912,13485,714,19235,911,13470,712
Louisiana,Asian and White,04000US22,9,10890,950,5410,598,10200,873,4845,537
Louisiana,Black or African American and White,04000US22,10,31600,2129,10465,1060,31565,2127,10430,1057
Louisiana,American Indian or Alaska Native and Black or African American,04000US22,11,4535,859,3225,563,4525,856,3220,562
Louisiana,Remainder of Two or More Race Responses,04000US22,12,10595,1342,5935,897,10465,1330,5805,888
Louisiana,Hispanic or Latino,04000US22,13,234920,422,162385,307,167485,2332,102495,2153
Maine,Total,04000US23,1,1332815,0,1078150,160,1311390,1348,1059540,1087
Maine,Not Hispanic or Latino,04000US23,2,1311390,0,1063640,129,1291670,1267,1046565,994
Maine,American Indian or Alaska Native Alone,04000US23,3,7725,457,5795,338,7650,460,5740,343
Maine,Asian Alone,04000US23,4,14935,528,11895,376,10685,574,8010,428
Maine,Black or African American Alone,04000US23,5,17020,717,10985,424,11840,835,7270,483
Maine,Native Hawaiian or Other Pacific Islander Alone,04000US23,6,260,102,160,65,250,103,150,66
Maine,White Alone,04000US23,7,1245600,23,1019755,23,1235805,849,1010685,751
Maine,American Indian or Alaska Native and White,04000US23,8,12370,599,8665,410,12360,600,8655,410
Maine,Asian and White,04000US23,9,5610,483,2800,339,5370,502,2630,338
Maine,Black or African American and White,04000US23,10,5585,608,2040,373,5535,607,1990,372
Maine,American Indian or Alaska Native and Black or African American,04000US23,11,350,142,325,138,340,139,315,137
Maine,Remainder of Two or More Race Responses,04000US23,12,1950,357,1215,230,1845,331,1115,207
Maine,Hispanic or Latino,04000US23,13,21420,0,14510,89,19715,313,12980,316
Maryland,Total,04000US24,1,6003435,0,4659260,207,5562900,7614,4262390,6830
Maryland,Not Hispanic or Latino,04000US24,2,5414525,0,4268365,199,5169575,4909,4048950,4381
Maryland,American Indian or Alaska Native Alone,04000US24,3,11190,687,9195,539,10995,675,9050,534
Maryland,Asian Alone,04000US24,4,377220,2092,299600,1368,278305,2840,209795,2404
Maryland,Black or African American Alone,04000US24,5,1769170,2865,1356985,1607,1677715,3777,1275575,2918
Maryland,Native Hawaiian or Other Pacific Islander Alone,04000US24,6,2335,278,1935,236,2110,272,1705,239
Maryland,White Alone,04000US24,7,3095580,28,2519490,28,3045420,2323,2474890,2091
Maryland,American Indian or Alaska Native and White,04000US24,8,16060,675,12380,516,15930,674,12285,511
Maryland,Asian and White,04000US24,9,43345,1859,20900,1260,40775,1715,19000,1059
Maryland,Black or African American and White,04000US24,10,59985,2535,22680,1274,59480,2546,22185,1285
Maryland,American Indian or Alaska Native and Black or African American,04000US24,11,10400,1169,8345,876,10400,1169,8345,876
Maryland,Remainder of Two or More Race Responses,04000US24,12,29225,1763,16850,1065,28455,1737,16120,1042
Maryland,Hispanic or Latino,04000US24,13,588910,0,390890,76,393320,4099,213435,3718
Massachusetts,Total,04000US25,1,6830195,0,5450295,218,6296910,7470,4964685,6501
Massachusetts,Not Hispanic or Latino,04000US25,2,6041065,321,4907310,359,5653945,6142,4552925,5403
Massachusetts,American Indian or Alaska Native Alone,04000US25,3,9460,780,7415,593,9100,744,7085,566
Massachusetts,Asian Alone,04000US25,4,447965,1890,357665,1167,301085,3532,222365,2977
Massachusetts,Black or African American Alone,04000US25,5,479310,2614,362445,1619,404335,3559,295610,2937
Massachusetts,Native Hawaiian or Other Pacific Islander Alone,04000US25,6,2085,393,1620,301,1780,335,1390,269
Massachusetts,White Alone,04000US25,7,4973135,377,4108155,338,4815925,3861,3962905,3574
Massachusetts,American Indian or Alaska Native and White,04000US25,8,17950,794,13925,592,17750,800,13725,598
Massachusetts,Asian and White,04000US25,9,44325,1767,21035,1062,41295,1786,18605,1022
Massachusetts,Black or African American and White,04000US25,10,46655,2289,21860,1378,43880,2223,19345,1231
Massachusetts,American Indian or Alaska Native and Black or African American,04000US25,11,4565,662,3855,595,4470,659,3760,592
Massachusetts,Remainder of Two or More Race Responses,04000US25,12,15615,1196,9335,758,14325,1153,8140,712
Massachusetts,Hispanic or Latino,04000US25,13,789125,319,542985,326,642970,3523,411760,3153
Michigan,Total,04000US26,1,9957490,0,7761390,331,9634620,5421,7472670,4768
Michigan,Not Hispanic or Latino,04000US26,2,9459590,74,7444575,303,9217020,4130,7230140,3520
Michigan,American Indian or Alaska Native Alone,04000US26,3,46125,1302,35500,938,45605,1287,35000,933
Michigan,Asian Alone,04000US26,4,306550,2031,239765,1283,192360,2403,138360,1944
Michigan,Black or African American Alone,04000US26,5,1365085,3486,1019595,2064,1347575,3597,1004320,2371
Michigan,Native Hawaiian or Other Pacific Islander Alone,04000US26,6,2580,353,2030,267,2395,304,1855,238
Michigan,White Alone,04000US26,7,7501135,23,6023175,23,7395765,3214,5929735,2572
Michigan,American Indian or Alaska Native and White,04000US26,8,58705,1296,42615,897,58590,1292,42500,899
Michigan,Asian and White,04000US26,9,48900,1935,23580,1284,45245,1796,20915,1147
Michigan,Black or African American and White,04000US26,10,94025,3244,34915,1638,93620,3226,34580,1646
Michigan,American Indian or Alaska Native and Black or African American,04000US26,11,12575,1227,9280,869,12545,1221,9255,866
Michigan,Remainder of Two or More Race Responses,04000US26,12,23920,1408,14125,940,23320,1380,13625,904
Michigan,Hispanic or Latino,04000US26,13,497895,68,316815,75,417600,2579,242530,2260
Minnesota,Total,04000US27,1,5527360,0,4235750,259,5299245,4436,4037295,3548
Minnesota,Not Hispanic or Latino,04000US27,2,5234595,78,4056645,238,5083750,3642,3929890,2713
Minnesota,American Indian or Alaska Native Alone,04000US27,3,53405,1029,37100,693,53090,1048,36805,712
Minnesota,Asian Alone,04000US27,4,263330,1514,189855,815,195690,2430,130990,1746
Minnesota,Black or African American Alone,04000US27,5,337530,2636,220615,1296,287775,3236,182150,1889
Minnesota,Native Hawaiian or Other Pacific Islander Alone,04000US27,6,1940,293,1535,224,1545,247,1220,219
Minnesota,White Alone,04000US27,7,4444355,31,3544170,23,4413855,1479,3517135,1142
Minnesota,American Indian or Alaska Native and White,04000US27,8,31635,956,21240,715,31575,956,21210,716
Minnesota,Asian and White,04000US27,9,35050,1567,14075,781,33935,1532,13180,722
Minnesota,Black or African American and White,04000US27,10,48525,2364,18225,1100,48330,2339,18090,1087
Minnesota,American Indian or Alaska Native and Black or African American,04000US27,11,3835,624,2200,400,3765,634,2135,401
Minnesota,Remainder of Two or More Race Responses,04000US27,12,14985,1449,7630,795,14190,1321,6970,666
Minnesota,Hispanic or Latino,04000US27,13,292765,77,179105,96,215495,2201,107405,2009
Mississippi,Total,04000US28,1,2988760,0,2268455,595,2945445,1760,2228660,1768
Mississippi,Not Hispanic or Latino,04000US28,2,2898270,723,2209750,704,2880025,1166,2192850,1161
Mississippi,American Indian or Alaska Native Alone,04000US28,3,13005,665,9320,443,12945,654,9255,436
Mississippi,Asian Alone,04000US28,4,28360,819,22570,591,19000,810,14050,676
Mississippi,Black or African American Alone,04000US28,5,1123295,2309,817770,1267,1121410,2360,816005,1288
Mississippi,Native Hawaiian or Other Pacific Islander Alone,04000US28,6,655,198,590,167,590,175,525,140
Mississippi,White Alone,04000US28,7,1698915,30,1343475,135,1692420,806,1337365,766
Mississippi,American Indian or Alaska Native and White,04000US28,8,6730,700,4840,520,6730,700,4840,520
Mississippi,Asian and White,04000US28,9,5730,704,2875,469,5535,685,2680,441
Mississippi,Black or African American and White,04000US28,10,16250,1740,4590,701,16185,1729,4525,693
Mississippi,American Indian or Alaska Native and Black or African American,04000US28,11,1465,394,1185,336,1465,394,1185,336
Mississippi,Remainder of Two or More Race Responses,04000US28,12,3865,776,2535,553,3745,759,2420,537
Mississippi,Hispanic or Latino,04000US28,13,90495,721,58705,700,65420,1510,35810,1442
Missouri,Total,04000US29,1,6090060,0,4705000,730,5958475,3150,4585995,2850
Missouri,Not Hispanic or Latino,04000US29,2,5840955,258,4547715,621,5757025,2621,4472380,2389
Missouri,American Indian or Alaska Native Alone,04000US29,3,23670,976,19580,804,23640,972,19555,802
Missouri,Asian Alone,04000US29,4,116995,1385,92265,976,74300,1498,53530,1077
Missouri,Black or African American Alone,04000US29,5,701990,2508,517040,1715,690900,2648,507635,1797
Missouri,Native Hawaiian or Other Pacific Islander Alone,04000US29,6,6050,649,4070,467,4845,596,3010,442
Missouri,White Alone,04000US29,7,4856595,42,3845025,43,4830120,1702,3820995,1538
Missouri,American Indian or Alaska Native and White,04000US29,8,37270,879,28300,798,37240,876,28270,793
Missouri,Asian and White,04000US29,9,24170,1238,12055,800,22585,1127,10740,716
Missouri,Black or African American and White,04000US29,10,55295,2046,17835,1180,54990,2031,17530,1154
Missouri,American Indian or Alaska Native and Black or African American,04000US29,11,3940,645,3020,458,3940,645,3020,458
Missouri,Remainder of Two or More Race Responses,04000US29,12,14985,1367,8530,847,14460,1385,8095,855
Missouri,Hispanic or Latino,04000US29,13,249105,258,157285,351,201445,1884,113615,1711
Montana,Total,04000US30,1,1041730,0,814140,420,1031015,898,804265,895
Montana,Not Hispanic or Latino,04000US30,2,1002715,85,789085,339,994685,724,781530,732
Montana,American Indian or Alaska Native Alone,04000US30,3,64660,1014,42190,604,64625,1009,42165,603
Montana,Asian Alone,04000US30,4,7915,490,6655,406,5455,422,4375,357
Montana,Black or African American Alone,04000US30,5,4445,315,3535,235,3940,356,3080,273
Montana,Native Hawaiian or Other Pacific Islander Alone,04000US30,6,710,170,550,172,635,166,485,167
Montana,White Alone,04000US30,7,899650,127,721320,113,894810,552,716680,544
Montana,American Indian or Alaska Native and White,04000US30,8,14945,978,10080,573,14935,979,10070,573
Montana,Asian and White,04000US30,9,4380,524,2225,416,4290,518,2155,414
Montana,Black or African American and White,04000US30,10,3480,385,1245,251,3475,385,1240,252
Montana,American Indian or Alaska Native and Black or African American,04000US30,11,385,147,200,79,380,143,200,79
Montana,Remainder of Two or More Race Responses,04000US30,12,2145,378,1080,261,2140,380,1080,261
Montana,Hispanic or Latino,04000US30,13,39020,84,25055,236,36330,444,22735,425
Nebraska,Total,04000US31,1,1904760,0,1432240,442,1821670,2426,1358785,2017
Nebraska,Not Hispanic or Latino,04000US31,2,1701480,34,1310480,394,1667450,1461,1281620,1213
Nebraska,American Indian or Alaska Native Alone,04000US31,3,13990,560,9050,407,13980,558,9040,406
Nebraska,Asian Alone,04000US31,4,44105,882,33015,633,24770,1026,16910,816
Nebraska,Black or African American Alone,04000US31,5,88795,1190,62460,705,82340,1447,57045,872
Nebraska,Native Hawaiian or Other Pacific Islander Alone,04000US31,6,1090,199,930,170,1055,198,895,172
Nebraska,White Alone,04000US31,7,1514360,54,1186605,38,1507255,669,1180210,565
Nebraska,American Indian or Alaska Native and White,04000US31,8,9250,518,6350,411,9230,516,6335,410
Nebraska,Asian and White,04000US31,9,8415,762,4500,471,7610,680,3870,387
Nebraska,Black or African American and White,04000US31,10,15200,1011,4115,536,15180,1008,4090,537
Nebraska,American Indian or Alaska Native and Black or African American,04000US31,11,1690,400,1155,260,1690,400,1155,260
Nebraska,Remainder of Two or More Race Responses,04000US31,12,4590,589,2300,350,4345,553,2065,307
Nebraska,Hispanic or Latino,04000US31,13,203280,35,121765,121,154220,1809,77165,1476
Nevada,Total,04000US32,1,2922850,0,2248375,147,2629590,4311,1973650,3983
Nevada,Not Hispanic or Latino,04000US32,2,2091250,0,1692710,151,2001810,2792,1610145,2401
Nevada,American Indian or Alaska Native Alone,04000US32,3,26570,816,20390,637,26410,823,20235,636
Nevada,Asian Alone,04000US32,4,231900,2128,194410,1525,181480,2678,148050,2148
Nevada,Black or African American Alone,04000US32,5,252065,2184,187895,1094,243435,2512,180365,1445
Nevada,Native Hawaiian or Other Pacific Islander Alone,04000US32,6,17960,545,13730,407,16955,579,12835,412
Nevada,White Alone,04000US32,7,1464225,29,1221035,4,1437290,1150,1195415,1106
Nevada,American Indian or Alaska Native and White,04000US32,8,12085,743,9265,598,12040,748,9225,602
Nevada,Asian and White,04000US32,9,32355,1841,16925,1130,31105,1713,15760,995
Nevada,Black or African American and White,04000US32,10,25160,1574,10610,841,25010,1588,10495,856
Nevada,American Indian or Alaska Native and Black or African American,04000US32,11,2915,608,2295,488,2905,609,2285,487
Nevada,Remainder of Two or More Race Responses,04000US32,12,26020,1872,16150,1335,25175,1829,15485,1285
Nevada,Hispanic or Latino,04000US32,13,831595,0,555660,0,627785,3788,363505,3517
New Hampshire,Total,04000US33,1,1343620,0,1081060,125,1307240,1572,1048200,1405
New Hampshire,Not Hispanic or Latino,04000US33,2,1295265,209,1048535,188,1265395,1282,1021555,1144
New Hampshire,American Indian or Alaska Native Alone,04000US33,3,1850,292,1535,245,1795,292,1495,245
New Hampshire,Asian Alone,04000US33,4,36410,774,28570,528,22025,800,15750,689
New Hampshire,Black or African American Alone,04000US33,5,17900,726,13100,475,14825,778,10570,546
New Hampshire,Native Hawaiian or Other Pacific Islander Alone,04000US33,6,270,87,235,79,270,86,230,79
New Hampshire,White Alone,04000US33,7,1215830,298,991670,257,1203820,1024,980390,954
New Hampshire,American Indian or Alaska Native and White,04000US33,8,7105,309,5760,277,7095,308,5760,277
New Hampshire,Asian and White,04000US33,9,7450,775,3665,492,7240,740,3495,483
New Hampshire,Black or African American and White,04000US33,10,5975,609,2360,348,5975,608,2360,348
New Hampshire,American Indian or Alaska Native and Black or African American,04000US33,11,300,146,290,146,300,146,290,146
New Hampshire,Remainder of Two or More Race Responses,04000US33,12,2180,414,1345,245,2055,417,1220,234
New Hampshire,Hispanic or Latino,04000US33,13,48355,209,32525,160,41845,833,26645,679
New Jersey,Total,04000US34,1,8881845,0,6908445,280,8012125,9307,6117615,8192
New Jersey,Not Hispanic or Latino,04000US34,2,7113825,0,5656940,283,6651125,5758,5238650,4868
New Jersey,American Indian or Alaska Native Alone,04000US34,3,9735,643,7605,509,9365,667,7235,536
New Jersey,Asian Alone,04000US34,4,839040,1982,653505,1152,589475,4025,429130,3205
New Jersey,Black or African American Alone,04000US34,5,1145275,2964,878870,1701,1070990,3690,812360,2666
New Jersey,Native Hawaiian or Other Pacific Islander Alone,04000US34,6,2495,236,1840,194,2100,232,1570,202
New Jersey,White Alone,04000US34,7,4982305,28,4044810,28,4847600,3203,3921000,2801
New Jersey,American Indian or Alaska Native and White,04000US34,8,13860,656,10740,536,13755,657,10635,523
New Jersey,Asian and White,04000US34,9,43370,1910,18155,1069,41610,1864,16710,1027
New Jersey,Black or African American and White,04000US34,10,48625,2442,21170,1366,48255,2401,20845,1327
New Jersey,American Indian or Alaska Native and Black or African American,04000US34,11,6910,853,5640,659,6855,844,5580,646
New Jersey,Remainder of Two or More Race Responses,04000US34,12,22200,1449,14600,1043,21120,1376,13585,972
New Jersey,Hispanic or Latino,04000US34,13,1768020,0,1251500,0,1361000,7023,878965,6274
New Mexico,Total,04000US35,1,2092435,0,1598270,388,1969310,4270,1485490,3465
New Mexico,Not Hispanic or Latino,04000US35,2,1076685,0,878750,390,1054750,1465,859305,1286
New Mexico,American Indian or Alaska Native Alone,04000US35,3,184010,1120,133355,755,183990,1120,133335,763
New Mexico,Asian Alone,04000US35,4,29895,985,24485,751,21010,989,16415,698
New Mexico,Black or African American Alone,04000US35,5,38710,1068,30430,579,36300,992,28620,643
New Mexico,Native Hawaiian or Other Pacific Islander Alone,04000US35,6,1070,237,810,168,1020,239,770,167
New Mexico,White Alone,04000US35,7,792310,79,671595,74,782515,1101,662690,961
New Mexico,American Indian or Alaska Native and White,04000US35,8,10815,916,7135,575,10810,916,7130,576
New Mexico,Asian and White,04000US35,9,9085,840,5135,584,8515,811,4655,564
New Mexico,Black or African American and White,04000US35,10,5815,901,2740,470,5800,902,2725,471
New Mexico,American Indian or Alaska Native and Black or African American,04000US35,11,1360,314,905,257,1360,314,905,257
New Mexico,Remainder of Two or More Race Responses,04000US35,12,3615,543,2165,360,3425,529,2060,356
New Mexico,Hispanic or Latino,04000US35,13,1015750,0,719520,0,914560,3513,626185,2831
New York,Total,04000US36,1,19618455,0,15476820,402,17680635,15434,13686685,14359
New York,Not Hispanic or Latino,04000US36,2,15912865,0,12784700,392,14770650,10105,11731105,9236
New York,American Indian or Alaska Native Alone,04000US36,3,48415,1328,37955,919,46570,1333,36305,925
New York,Asian Alone,04000US36,4,1657930,3456,1341370,1999,1153310,5630,876135,4881
New York,Black or African American Alone,04000US36,5,2855695,3988,2219580,2474,2579910,6229,1967125,5048
New York,Native Hawaiian or Other Pacific Islander Alone,04000US36,6,8660,608,7385,521,7355,648,6145,546
New York,White Alone,04000US36,7,11002710,28,8990875,28,10667665,5113,8677595,4856
New York,American Indian or Alaska Native and White,04000US36,8,41025,1283,29945,902,40670,1261,29590,879
New York,Asian and White,04000US36,9,111060,3512,55245,1944,95585,2792,43045,1320
New York,Black or African American and White,04000US36,10,115345,3343,51560,2070,112935,3272,49380,1899
New York,American Indian or Alaska Native and Black or African American,04000US36,11,16855,1501,13615,1018,16500,1504,13370,1014
New York,Remainder of Two or More Race Responses,04000US36,12,55165,2623,37160,1631,50145,2515,32415,1519
New York,Hispanic or Latino,04000US36,13,3705590,0,2692120,86,2909985,9804,1955580,9030
North Carolina,Total,04000US37,1,10155625,0,7863010,541,9661265,6516,7413180,6046
North Carolina,Not Hispanic or Latino,04000US37,2,9219675,100,7292415,467,9026415,3522,7121250,3304
North Carolina,American Indian or Alaska Native Alone,04000US37,3,111785,1354,85240,908,111665,1333,85140,886
North Carolina,Asian Alone,04000US37,4,283290,1700,215895,1046,186145,2499,130625,2102
North Carolina,Black or African American Alone,04000US37,5,2155535,4400,1639930,2442,2124715,4467,1613385,2999
North Carolina,Native Hawaiian or Other Pacific Islander Alone,04000US37,6,5685,505,4210,429,4945,553,3620,465
North Carolina,White Alone,04000US37,7,6448930,246,5240045,234,6387745,2164,5184045,1910
North Carolina,American Indian or Alaska Native and White,04000US37,8,37475,1369,27320,972,37395,1375,27240,971
North Carolina,Asian and White,04000US37,9,38445,1625,18560,1011,36795,1611,17275,977
North Carolina,Black or African American and White,04000US37,10,90600,3365,31340,1688,90250,3365,31000,1685
North Carolina,American Indian or Alaska Native and Black or African American,04000US37,11,16890,1422,12080,1027,16870,1418,12060,1029
North Carolina,Remainder of Two or More Race Responses,04000US37,12,31035,1957,17795,1148,29890,1966,16865,1099
North Carolina,Hispanic or Latino,04000US37,13,935950,100,570590,221,634850,4660,291935,4408
North Dakota,Total,04000US38,1,752200,0,578485,301,734655,1068,562630,1058
North Dakota,Not Hispanic or Latino,04000US38,2,725670,105,561900,209,710380,1010,548135,940
North Dakota,American Indian or Alaska Native Alone,04000US38,3,38310,686,24290,455,38255,684,24235,454
North Dakota,Asian Alone,04000US38,4,10795,483,8675,361,4610,575,3375,456
North Dakota,Black or African American Alone,04000US38,5,20170,762,14185,416,15790,802,10160,569
North Dakota,Native Hawaiian or Other Pacific Islander Alone,04000US38,6,365,155,305,140,355,154,295,140
North Dakota,White Alone,04000US38,7,640440,26,506080,25,636035,761,501885,756
North Dakota,American Indian or Alaska Native and White,04000US38,8,7880,596,4945,417,7880,595,4945,416
North Dakota,Asian and White,04000US38,9,2920,462,1400,299,2825,445,1310,284
North Dakota,Black or African American and White,04000US38,10,2875,614,1135,306,2855,614,1115,307
North Dakota,American Indian or Alaska Native and Black or African American,04000US38,11,310,177,65,44,275,161,65,44
North Dakota,Remainder of Two or More Race Responses,04000US38,12,1595,388,815,244,1500,383,750,246
North Dakota,Hispanic or Latino,04000US38,13,26530,107,16580,201,24275,403,14495,404
Ohio,Total,04000US39,1,11641880,0,9023710,599,11388260,4928,8797915,4263
Ohio,Not Hispanic or Latino,04000US39,2,11210550,295,8749955,549,11015075,4144,8577055,3459
Ohio,American Indian or Alaska Native Alone,04000US39,3,17900,973,14650,788,17770,979,14515,789
Ohio,Asian Alone,04000US39,4,251675,1821,197415,1187,151225,2243,107945,1729
Ohio,Black or African American Alone,04000US39,5,1423210,4249,1048405,2407,1391470,4384,1021070,2550
Ohio,Native Hawaiian or Other Pacific Islander Alone,04000US39,6,3135,380,2365,317,2760,362,2030,313
Ohio,White Alone,04000US39,7,9236725,220,7351380,208,9178465,2774,7299385,2126
Ohio,American Indian or Alaska Native and White,04000US39,8,45475,1105,35240,802,45440,1104,35205,802
Ohio,Asian and White,04000US39,9,46915,1780,23150,1127,43210,1628,20220,1001
Ohio,Black or African American and White,04000US39,10,148515,3643,53035,1928,148160,3639,52720,1904
Ohio,American Indian or Alaska Native and Black or African American,04000US39,11,10985,1111,8640,844,10985,1111,8640,844
Ohio,Remainder of Two or More Race Responses,04000US39,12,26020,1613,15685,1132,25595,1598,15335,1127
Ohio,Hispanic or Latino,04000US39,13,431325,292,273755,271,373185,2139,220860,1913
Oklahoma,Total,04000US40,1,3918135,0,2959430,338,3765145,2856,2819170,2592
Oklahoma,Not Hispanic or Latino,04000US40,2,3510615,0,2713100,247,3458795,1877,2666255,1626
Oklahoma,American Indian or Alaska Native Alone,04000US40,3,281055,2628,200010,1763,280920,2629,199880,1760
Oklahoma,Asian Alone,04000US40,4,83485,1039,65170,654,55560,1267,40180,939
Oklahoma,Black or African American Alone,04000US40,5,283860,1719,209300,939,277900,1845,203860,1155
Oklahoma,Native Hawaiian or Other Pacific Islander Alone,04000US40,6,3995,516,3065,385,2940,406,2090,261
Oklahoma,White Alone,04000US40,7,2590210,151,2074760,128,2574815,1132,2060630,936
Oklahoma,American Indian or Alaska Native and White,04000US40,8,182615,2628,121470,1702,182570,2625,121445,1703
Oklahoma,Asian and White,04000US40,9,16580,967,8910,611,15680,915,8145,586
Oklahoma,Black or African American and White,04000US40,10,34580,1589,11340,815,34420,1589,11185,813
Oklahoma,American Indian or Alaska Native and Black or African American,04000US40,11,16860,1177,10855,764,16830,1179,10825,763
Oklahoma,Remainder of Two or More Race Responses,04000US40,12,17375,1235,8225,752,17165,1225,8020,739
Oklahoma,Hispanic or Latino,04000US40,13,407520,0,246330,162,306350,2073,152915,1871
Oregon,Total,04000US41,1,4081945,0,3213765,266,3853530,5581,3002260,4772
Oregon,Not Hispanic or Latino,04000US41,2,3557985,0,2880530,262,3456875,3322,2788830,2893
Oregon,American Indian or Alaska Native Alone,04000US41,3,36900,1486,28480,1061,36800,1483,28400,1051
Oregon,Asian Alone,04000US41,4,174005,1860,142075,1314,123080,1979,95725,1624
Oregon,Black or African American Alone,04000US41,5,74735,1403,55975,842,68235,1406,50965,849
Oregon,Native Hawaiian or Other Pacific Islander Alone,04000US41,6,15410,591,11325,380,11920,663,8155,525
Oregon,White Alone,04000US41,7,3110595,28,2554155,5,3072850,1913,2519125,1668
Oregon,American Indian or Alaska Native and White,04000US41,8,51960,1640,39125,1160,51865,1640,39045,1157
Oregon,Asian and White,04000US41,9,44955,1495,23415,1001,43550,1497,22170,1011
Oregon,Black or African American and White,04000US41,10,25545,1392,10730,819,25205,1351,10505,811
Oregon,American Indian or Alaska Native and Black or African American,04000US41,11,1425,383,1230,331,1420,384,1230,333
Oregon,Remainder of Two or More Race Responses,04000US41,12,22455,1466,14020,1015,21950,1436,13515,988
Oregon,Hispanic or Latino,04000US41,13,523955,0,333235,28,396655,4021,213430,3461
Pennsylvania,Total,04000US42,1,12791180,0,10115850,291,12380335,6085,9748290,5705
Pennsylvania,Not Hispanic or Latino,04000US42,2,11886025,108,9523610,303,11598670,5003,9266190,4480
Pennsylvania,American Indian or Alaska Native Alone,04000US42,3,14685,1008,11860,758,14015,950,11230,711
Pennsylvania,Asian Alone,04000US42,4,430425,1934,337000,1192,288800,2941,209515,2386
Pennsylvania,Black or African American Alone,04000US42,5,1367105,3908,1023860,1872,1317755,3922,980685,2790
Pennsylvania,Native Hawaiian or Other Pacific Islander Alone,04000US42,6,3035,337,2755,314,2380,335,2100,310
Pennsylvania,White Alone,04000US42,7,9843730,208,8036680,203,9753835,2727,7955565,2414
Pennsylvania,American Indian or Alaska Native and White,04000US42,8,29980,990,22760,761,29875,977,22655,749
Pennsylvania,Asian and White,04000US42,9,48795,1778,22960,1041,45880,1727,20670,1034
Pennsylvania,Black or African American and White,04000US42,10,109495,3413,40020,1449,108710,3371,39295,1401
Pennsylvania,American Indian or Alaska Native and Black or African American,04000US42,11,11710,1492,8610,940,11700,1494,8610,941
Pennsylvania,Remainder of Two or More Race Responses,04000US42,12,27060,1757,17105,1187,25715,1735,15865,1155
Pennsylvania,Hispanic or Latino,04000US42,13,905155,107,592240,133,781665,3627,482100,3203
Rhode Island,Total,04000US44,1,1056610,0,847740,93,992030,2167,789060,1915
Rhode Island,Not Hispanic or Latino,04000US44,2,897755,0,740355,93,864660,1479,710170,1346
Rhode Island,American Indian or Alaska Native Alone,04000US44,3,3870,526,2865,366,3835,521,2825,364
Rhode Island,Asian Alone,04000US44,4,36200,671,28825,495,24540,990,18210,839
Rhode Island,Black or African American Alone,04000US44,5,61905,1160,46260,709,54345,1258,39500,908
Rhode Island,Native Hawaiian or Other Pacific Islander Alone,04000US44,6,865,197,645,187,805,197,585,186
Rhode Island,White Alone,04000US44,7,773350,30,649565,30,760375,1023,637330,924
Rhode Island,American Indian or Alaska Native and White,04000US44,8,3545,531,2605,376,3545,531,2605,376
Rhode Island,Asian and White,04000US44,9,5070,640,2770,454,4805,621,2600,417
Rhode Island,Black or African American and White,04000US44,10,8560,839,3685,496,8355,864,3565,489
Rhode Island,American Indian or Alaska Native and Black or African American,04000US44,11,2040,525,1680,371,2030,525,1675,374
Rhode Island,Remainder of Two or More Race Responses,04000US44,12,2340,544,1460,344,2030,422,1280,278
Rhode Island,Hispanic or Latino,04000US44,13,158860,0,107385,0,127370,1729,78895,1556
South Carolina,Total,04000US45,1,4955925,0,3859675,416,4814410,3666,3731350,2937
South Carolina,Not Hispanic or Latino,04000US45,2,4680240,95,3683640,325,4621775,2093,3631785,1791
South Carolina,American Indian or Alaska Native Alone,04000US45,3,14255,683,11430,505,14210,687,11385,507
South Carolina,Asian Alone,04000US45,4,75820,1059,59540,815,51550,1427,38430,1171
South Carolina,Black or African American Alone,04000US45,5,1331460,2780,1004375,1483,1325420,3007,999230,1680
South Carolina,Native Hawaiian or Other Pacific Islander Alone,04000US45,6,2810,472,2000,295,2340,369,1580,232
South Carolina,White Alone,04000US45,7,3162830,29,2561095,29,3136460,1259,2537060,1039
South Carolina,American Indian or Alaska Native and White,04000US45,8,18615,674,14460,485,18610,676,14460,484
South Carolina,Asian and White,04000US45,9,15695,1079,8755,804,14690,1079,7875,782
South Carolina,Black or African American and White,04000US45,10,43420,2403,12210,1093,43365,2390,12155,1084
South Carolina,American Indian or Alaska Native and Black or African American,04000US45,11,5850,877,4300,628,5840,875,4290,626
South Carolina,Remainder of Two or More Race Responses,04000US45,12,9485,1091,5475,767,9290,1089,5310,760
South Carolina,Hispanic or Latino,04000US45,13,275685,95,176035,304,192635,2667,99565,2251
South Dakota,Total,04000US46,1,864290,0,651225,363,845335,1200,635405,1003
South Dakota,Not Hispanic or Latino,04000US46,2,832295,223,632370,367,818340,1037,620955,813
South Dakota,American Indian or Alaska Native Alone,04000US46,3,72305,1012,44400,661,72280,1012,44380,660
South Dakota,Asian Alone,04000US46,4,12585,476,9170,285,6250,559,3945,389
South Dakota,Black or African American Alone,04000US46,5,15870,721,10270,375,11195,976,6705,534
South Dakota,Native Hawaiian or Other Pacific Islander Alone,04000US46,6,295,133,215,100,295,133,215,100
South Dakota,White Alone,04000US46,7,711355,38,557820,98,708630,380,555395,333
South Dakota,American Indian or Alaska Native and White,04000US46,8,10835,942,6905,630,10830,941,6900,632
South Dakota,Asian and White,04000US46,9,2095,374,950,255,1990,363,850,224
South Dakota,Black or African American and White,04000US46,10,4600,660,1540,322,4545,668,1495,324
South Dakota,American Indian or Alaska Native and Black or African American,04000US46,11,560,224,295,132,560,224,295,132
South Dakota,Remainder of Two or More Race Responses,04000US46,12,1800,350,805,182,1770,353,780,184
South Dakota,Hispanic or Latino,04000US46,13,31995,223,18855,246,26995,599,14450,503
Tennessee,Total,04000US47,1,6651090,0,5149695,804,6442455,4273,4964910,3761
Tennessee,Not Hispanic or Latino,04000US47,2,6298685,309,4936870,715,6203625,3396,4853670,2883
Tennessee,American Indian or Alaska Native Alone,04000US47,3,15280,989,12980,840,15140,998,12860,847
Tennessee,Asian Alone,04000US47,4,113395,1368,87170,956,71705,1872,50160,1507
Tennessee,Black or African American Alone,04000US47,5,1111265,2821,824450,1662,1097160,3029,812160,2042
Tennessee,Native Hawaiian or Other Pacific Islander Alone,04000US47,6,3360,478,2460,322,3045,432,2150,288
Tennessee,White Alone,04000US47,7,4931490,448,3946225,307,4894730,2537,3914505,1952
Tennessee,American Indian or Alaska Native and White,04000US47,8,33455,1166,26365,902,33395,1169,26305,907
Tennessee,Asian and White,04000US47,9,20855,1318,11255,916,19490,1308,10080,844
Tennessee,Black or African American and White,04000US47,10,53925,2591,15785,1162,53735,2586,15650,1165
Tennessee,American Indian or Alaska Native and Black or African American,04000US47,11,3570,639,2975,615,3570,639,2975,615
Tennessee,Remainder of Two or More Race Responses,04000US47,12,12095,1351,7200,864,11650,1285,6830,789
Tennessee,Hispanic or Latino,04000US47,13,352400,309,212825,347,238830,2719,111240,2272
Texas,Total,04000US48,1,27885195,0,20592510,773,24886845,21884,17859495,19387
Texas,Not Hispanic or Latino,04000US48,2,16963640,206,13268960,762,16214280,8493,12615765,7469
Texas,American Indian or Alaska Native Alone,04000US48,3,69090,1817,54085,1465,68500,1828,53580,1447
Texas,Asian Alone,04000US48,4,1307325,4550,1008170,2861,898720,6868,645920,5321
Texas,Black or African American Alone,04000US48,5,3283705,5490,2439450,3171,3159075,7198,2335395,4700
Texas,Native Hawaiian or Other Pacific Islander Alone,04000US48,6,20615,1013,15945,766,18320,996,13795,755
Texas,White Alone,04000US48,7,11840130,768,9506775,569,11642920,5365,9335555,4738
Texas,American Indian or Alaska Native and White,04000US48,8,103410,2022,82590,1613,103115,2016,82295,1618
Texas,Asian and White,04000US48,9,116970,3741,61130,2370,105515,3342,52130,2024
Texas,Black or African American and White,04000US48,10,141520,4655,49635,2419,140380,4637,48665,2385
Texas,American Indian or Alaska Native and Black or African American,04000US48,11,19935,1626,14985,1146,19855,1631,14910,1157
Texas,Remainder of Two or More Race Responses,04000US48,12,60935,3487,36200,2160,57880,3407,33520,2040
Texas,Hispanic or Latino,04000US48,13,10921555,206,7323545,192,8672570,18460,5243730,16884
Utah,Total,04000US49,1,3045350,0,2126300,258,2887910,4009,1982910,3358
Utah,Not Hispanic or Latino,04000US49,2,2623225,0,1864740,251,2568865,2249,1817430,1858
Utah,American Indian or Alaska Native Alone,04000US49,3,28245,892,20025,631,28105,882,19880,621
Utah,Asian Alone,04000US49,4,69575,1345,55520,876,45730,1527,34220,1123
Utah,Black or African American Alone,04000US49,5,33830,1121,22185,509,28395,1377,18190,731
Utah,Native Hawaiian or Other Pacific Islander Alone,04000US49,6,26725,955,18040,506,23020,1037,14875,654
Utah,White Alone,04000US49,7,2399705,78,1716690,68,2379765,1596,1699010,1203
Utah,American Indian or Alaska Native and White,04000US49,8,12970,932,8175,615,12950,922,8155,603
Utah,Asian and White,04000US49,9,23100,1271,11145,725,22355,1210,10615,683
Utah,Black or African American and White,04000US49,10,10580,1020,4020,470,10510,1016,3960,462
Utah,American Indian or Alaska Native and Black or African American,04000US49,11,890,368,415,191,840,365,365,179
Utah,Remainder of Two or More Race Responses,04000US49,12,17605,1346,8525,801,17195,1327,8160,767
Utah,Hispanic or Latino,04000US49,13,422125,0,261560,120,319045,2965,165480,2604
Vermont,Total,04000US50,1,624975,0,506630,165,611690,976,494675,837
Vermont,Not Hispanic or Latino,04000US50,2,613300,0,498115,156,601095,933,487200,804
Vermont,American Indian or Alaska Native Alone,04000US50,3,1870,271,1595,211,1855,267,1580,207
Vermont,Asian Alone,04000US50,4,10850,409,8695,276,6255,558,4730,491
Vermont,Black or African American Alone,04000US50,5,7715,402,5415,216,6375,445,4415,278
Vermont,Native Hawaiian or Other Pacific Islander Alone,04000US50,6,170,67,155,65,165,66,150,62
Vermont,White Alone,04000US50,7,581680,22,475585,22,575600,664,469785,583
Vermont,American Indian or Alaska Native and White,04000US50,8,5020,285,3950,212,5010,284,3940,212
Vermont,Asian and White,04000US50,9,2555,388,1180,202,2515,379,1135,196
Vermont,Black or African American and White,04000US50,10,2135,398,735,167,2105,396,710,166
Vermont,American Indian or Alaska Native and Black or African American,04000US50,11,180,107,110,66,180,107,110,66
Vermont,Remainder of Two or More Race Responses,04000US50,12,1125,274,695,163,1035,284,640,166
Vermont,Hispanic or Latino,04000US50,13,11675,0,8515,28,10595,203,7475,191
Virginia,Total,04000US51,1,8413775,0,6546345,796,7911375,8370,6096245,7574
Virginia,Not Hispanic or Latino,04000US51,2,7642595,504,6025085,777,7366875,5392,5781295,4587
Virginia,American Indian or Alaska Native Alone,04000US51,3,18085,824,14855,678,17930,828,14700,682
Virginia,Asian Alone,04000US51,4,532370,3260,419520,2206,386725,3459,288585,2773
Virginia,Black or African American Alone,04000US51,5,1590120,4639,1221865,2654,1544420,4772,1182490,3095
Virginia,Native Hawaiian or Other Pacific Islander Alone,04000US51,6,4805,428,3730,331,4640,435,3615,325
Virginia,White Alone,04000US51,7,5248515,64,4235010,59,5173640,2546,4169045,2017
Virginia,American Indian or Alaska Native and White,04000US51,8,27660,852,21960,698,27610,853,21915,697
Virginia,Asian and White,04000US51,9,81415,3049,42530,1989,74535,2734,37260,1698
Virginia,Black or African American and White,04000US51,10,89670,3448,34465,1664,88730,3443,33660,1618
Virginia,American Indian or Alaska Native and Black or African American,04000US51,11,11450,1289,9050,1004,11450,1289,9050,1004
Virginia,Remainder of Two or More Race Responses,04000US51,12,38505,2199,22100,1272,37190,2181,20975,1214
Virginia,Hispanic or Latino,04000US51,13,771175,505,521260,596,544500,5166,314950,4815
Washington,Total,04000US53,1,7294335,0,5661460,322,6757545,7502,5173975,6381
Washington,Not Hispanic or Latino,04000US53,2,6382765,0,5093570,299,6064525,5418,4807565,4683
Washington,American Indian or Alaska Native Alone,04000US53,3,80505,1714,60125,1225,80015,1706,59700,1223
Washington,Asian Alone,04000US53,4,607460,2808,495695,1831,427785,3746,331625,3394
Washington,Black or African American Alone,04000US53,5,260730,2713,197410,1771,236330,3054,176775,2216
Washington,Native Hawaiian or Other Pacific Islander Alone,04000US53,6,46800,1096,34610,723,40005,1214,28660,978
Washington,White Alone,04000US53,7,5050245,28,4117200,3,4949095,3148,4026875,2584
Washington,American Indian or Alaska Native and White,04000US53,8,76090,1595,56625,1200,75860,1574,56415,1190
Washington,Asian and White,04000US53,9,114340,2671,57755,1611,111130,2617,55340,1576
Washington,Black or African American and White,04000US53,10,74035,2387,32315,1445,73565,2383,31870,1436
Washington,American Indian or Alaska Native and Black or African American,04000US53,11,7415,1094,5330,779,7415,1094,5330,779
Washington,Remainder of Two or More Race Responses,04000US53,12,65140,2404,36510,1610,63320,2332,34970,1509
Washington,Hispanic or Latino,04000US53,13,911575,0,567890,122,693020,4830,366410,4258
West Virginia,Total,04000US54,1,1829055,0,1455680,562,1814425,1074,1442035,1066
West Virginia,Not Hispanic or Latino,04000US54,2,1801530,460,1436970,515,1790015,1017,1426230,927
West Virginia,American Indian or Alaska Native Alone,04000US54,3,3660,472,3055,417,3560,455,2955,397
West Virginia,Asian Alone,04000US54,4,14665,637,12165,552,9810,585,7470,486
West Virginia,Black or African American Alone,04000US54,5,66270,1143,52250,767,64690,1173,50870,824
West Virginia,Native Hawaiian or Other Pacific Islander Alone,04000US54,6,310,127,290,119,280,118,260,112
West Virginia,White Alone,04000US54,7,1687560,586,1354830,433,1683055,842,1350690,702
West Virginia,American Indian or Alaska Native and White,04000US54,8,7275,403,6210,457,7240,409,6175,465
West Virginia,Asian and White,04000US54,9,3595,440,1905,328,3350,420,1720,303
West Virginia,Black or African American and White,04000US54,10,15115,901,4280,544,15115,901,4280,544
West Virginia,American Indian or Alaska Native and Black or African American,04000US54,11,440,145,320,109,440,145,320,109
West Virginia,Remainder of Two or More Race Responses,04000US54,12,2650,566,1665,380,2475,526,1490,348
West Virginia,Hispanic or Latino,04000US54,13,27520,461,18710,319,24410,667,15805,491
Wisconsin,Total,04000US55,1,5778395,0,4489450,376,5621660,3463,4347415,2930
Wisconsin,Not Hispanic or Latino,04000US55,2,5392615,0,4253780,369,5312335,2480,4182485,2012
Wisconsin,American Indian or Alaska Native Alone,04000US55,3,46220,1093,34010,733,46100,1093,33900,732
Wisconsin,Asian Alone,04000US55,4,159700,1283,115255,768,113880,1934,75020,1362
Wisconsin,Black or African American Alone,04000US55,5,362880,1980,251900,973,356250,2172,246370,1172
Wisconsin,Native Hawaiian or Other Pacific Islander Alone,04000US55,6,1750,414,1425,306,1370,270,1055,205
Wisconsin,White Alone,04000US55,7,4715925,20,3801065,16,4690150,1121,3777355,1026
Wisconsin,American Indian or Alaska Native and White,04000US55,8,26475,1070,18025,715,26420,1073,17975,715
Wisconsin,Asian and White,04000US55,9,23125,1226,10770,725,22065,1144,9875,622
Wisconsin,Black or African American and White,04000US55,10,43440,2007,14030,840,43295,2003,13905,848
Wisconsin,American Indian or Alaska Native and Black or African American,04000US55,11,3325,598,2155,393,3315,598,2145,392
Wisconsin,Remainder of Two or More Race Responses,04000US55,12,9770,998,5150,495,9495,1002,4885,493
Wisconsin,Hispanic or Latino,04000US55,13,385780,0,235670,63,309330,2126,164925,1849
Wyoming,Total,04000US56,1,581835,0,444115,362,569255,948,432285,945
Wyoming,Not Hispanic or Latino,04000US56,2,524870,183,406945,389,520050,554,402515,585
Wyoming,American Indian or Alaska Native Alone,04000US56,3,12720,595,8490,460,12720,595,8490,460
Wyoming,Asian Alone,04000US56,4,4690,503,3740,370,3050,441,2165,322
Wyoming,Black or African American Alone,04000US56,5,5165,569,3775,330,4660,559,3415,357
Wyoming,Native Hawaiian or Other Pacific Islander Alone,04000US56,6,435,232,410,230,415,229,410,230
Wyoming,White Alone,04000US56,7,489885,28,383445,28,487335,353,381045,314
Wyoming,American Indian or Alaska Native and White,04000US56,8,5590,659,3950,531,5590,659,3950,531
Wyoming,Asian and White,04000US56,9,2405,426,1420,296,2350,421,1365,295
Wyoming,Black or African American and White,04000US56,10,2830,515,1130,289,2820,514,1115,291
Wyoming,American Indian or Alaska Native and Black or African American,04000US56,11,100,103,65,91,100,103,65,91
Wyoming,Remainder of Two or More Race Responses,04000US56,12,1045,298,515,163,1010,291,490,159
Wyoming,Hispanic or Latino,04000US56,13,56965,185,37170,163,49205,789,29770,748
Puerto Rico,Total,04000US72,1,3386940,0,2698995,0,3338885,2247,2653585,2025
Puerto Rico,Not Hispanic or Latino,04000US72,2,37600,1879,30995,1593,34465,1748,28025,1436
Puerto Rico,American Indian or Alaska Native Alone,04000US72,3,60,36,60,36,60,36,60,36
Puerto Rico,Asian Alone,04000US72,4,2550,699,2195,592,1630,564,1290,439
Puerto Rico,Black or African American Alone,04000US72,5,3595,564,3185,534,3210,507,2800,482
Puerto Rico,Native Hawaiian or Other Pacific Islander Alone,04000US72,6,45,40,25,29,45,40,25,29
Puerto Rico,White Alone,04000US72,7,29695,1539,24205,1272,27980,1476,22640,1213
Puerto Rico,American Indian or Alaska Native and White,04000US72,8,165,90,165,90,120,80,120,80
Puerto Rico,Asian and White,04000US72,9,310,157,285,139,270,151,245,133
Puerto Rico,Black or African American and White,04000US72,10,750,259,570,210,720,256,535,203
Puerto Rico,American Indian or Alaska Native and Black or African American,04000US72,11,10,15,10,15,10,15,10,15
Puerto Rico,Remainder of Two or More Race Responses,04000US72,12,425,210,300,127,425,210,300,127
Puerto Rico,Hispanic or Latino,04000US72,13,3349340,1880,2668000,1593,3304420,2894,2625560,2524
