"","GEOID10","District","total_population"
"1",410159503023,9,1165
"2",410159503013,9,1165
"3",410159502003,9,1770
"4",410110003004,2,735
"5",410110006003,19,830
"6",410110006001,2,715
"7",410110004001,2,880
"8",410110007004,2,560
"9",410110003001,2,720
"10",410110001002,9,540
"11",410192100005,9,560
"12",410390007053,9,940
"13",410419511002,19,645
"14",410419506022,2,1635
"15",410419506013,19,910
"16",410419503043,2,1110
"17",410579603002,19,1355
"18",410079505003,19,1950
"19",410079509003,19,635
"20",410079505002,19,555
"21",410079511001,1,1615
"22",410079506001,19,1235
"23",410079504003,1,645
"24",410333616003,9,1310
"25",410333611004,9,1850
"26",410333611002,9,1885
"27",410333607011,9,1730
"28",410333607021,9,2070
"29",410333606004,4,500
"30",410333605001,4,755
"31",410333607023,9,1530
"32",410290030021,4,1285
"33",410290030014,4,610
"34",410192100003,15,505
"35",410192100004,15,1320
"36",410191500003,30,1405
"37",410191400002,2,1315
"38",410191400001,30,825
"39",410191300005,2,355
"40",410190400003,2,570
"41",410190500014,21,610
"42",410190900001,30,990
"43",410190400001,21,560
"44",410430306003,14,1010
"45",410030102003,14,985
"46",410030109002,14,2100
"47",410030002021,14,1015
"48",410030009004,10,870
"49",410030009005,10,550
"50",410030102002,5,920
"51",410030106003,5,610
"52",410030010022,10,1190
"53",410030011022,10,1355
"54",410030106001,10,1115
"55",410030010011,10,810
"56",410030006002,5,800
"57",410530202021,14,1785
"58",410099711001,1,625
"59",410079512002,19,1020
"60",410099702001,1,625
"61",410099702005,1,1485
"62",410290017003,4,560
"63",410290029003,4,1255
"64",410290030011,4,850
"65",410290015002,15,1605
"66",410290010014,4,1170
"67",410290007002,4,1735
"68",410290002033,4,850
"69",410290003002,15,2295
"70",410290028001,4,1530
"71",410290006013,15,1355
"72",410290013013,15,715
"73",410290004032,4,735
"74",410290006014,15,1360
"75",410290014003,15,3495
"76",410390013011,21,845
"77",410390017004,21,1400
"78",410390025041,21,490
"79",410390024011,26,590
"80",410390044013,21,535
"81",410390043004,11,1265
"82",410390044053,21,1370
"83",410390044052,11,1060
"84",410390044041,11,800
"85",410390053002,21,1350
"86",410390047002,11,710
"87",410390047003,11,795
"88",410390048003,11,820
"89",410390038002,26,545
"90",410390050003,21,910
"91",410390021023,11,1575
"92",410390011012,21,1110
"93",410390033013,11,615
"94",410390020012,26,1090
"95",410390019041,26,1665
"96",410390018011,21,1710
"97",410030101004,10,1280
"98",410430204003,10,885
"99",410430205001,10,1105
"100",410430206002,10,1115
"101",410430201004,10,1680
"102",410470027002,10,815
"103",410470108011,5,870
"104",410470107011,5,555
"105",410470105014,3,975
"106",410530053005,14,2280
"107",410530052011,14,435
"108",410470013002,28,1090
"109",410470021011,28,1010
"110",410470009007,28,700
"111",410470015032,28,1275
"112",410470009005,5,415
"113",410470015031,28,845
"114",410470010002,5,1085
"115",410470015012,7,1615
"116",410470006002,28,1365
"117",410470005011,28,925
"118",410710309002,7,1300
"119",410470007012,28,2005
"120",410470005023,28,1390
"121",410470018013,28,925
"122",410470017021,28,1110
"123",410470016023,28,960
"124",410470018031,5,1675
"125",410470016043,28,1230
"126",410470016012,28,1870
"127",410470016034,28,940
"128",410470103041,5,865
"129",410470103032,7,1515
"130",410470102012,7,1150
"131",410470102024,7,1845
"132",410470105033,5,1880
"133",410470105013,5,1155
"134",410710302014,23,2010
"135",410710302012,23,1130
"136",410670324041,1,600
"137",410710301011,7,2175
"138",410670317046,23,1965
"139",410670316132,29,510
"140",410670316121,29,2595
"141",410670318054,18,1130
"142",410670318052,23,2165
"143",410670319092,23,1435
"144",410670314022,29,1095
"145",410670312003,29,2325
"146",410670310041,12,1360
"147",410670319072,23,680
"148",410670313003,29,740
"149",410670313001,27,930
"150",410670311001,27,1275
"151",410670308052,23,485
"152",410470102011,7,860
"153",410670308053,23,1435
"154",410670308034,23,720
"155",410670313004,27,1235
"156",410670321092,23,1560
"157",410670304013,16,1345
"158",410670303003,16,650
"159",410670306002,12,1305
"160",410670305023,12,990
"161",410670301012,27,765
"162",410670320051,7,230
"163",410670307001,12,495
"164",410670305021,12,1370
"165",410670333011,1,2745
"166",410670328001,1,840
"167",410670327002,1,1645
"168",410670326091,23,1495
"169",410670326081,23,1505
"170",410670324082,1,3535
"171",410670315044,1,2120
"172",410670315042,29,795
"173",410670316092,23,3855
"174",410670316102,29,895
"175",410670315092,29,490
"176",410670315141,29,855
"177",410470106001,3,235
"178",410510064033,12,505
"179",410050204014,7,1320
"180",410510064042,12,1510
"181",410050203033,12,1750
"182",410050227024,23,615
"183",410050238001,3,1250
"184",410050204041,7,1445
"185",410510106003,27,860
"186",410050205031,7,910
"187",410510059001,12,4065
"188",410050207002,3,1510
"189",410510011012,6,1550
"190",410510002003,12,1260
"191",410510009023,6,1135
"192",410510009022,6,970
"193",410510003021,12,930
"194",410050205052,7,945
"195",410510014004,6,640
"196",410050206002,3,2230
"197",410510008023,6,1005
"198",410050224004,3,380
"199",410510007023,20,1140
"200",410050225002,3,1330
"201",410510088001,20,1125
"202",410510005011,6,625
"203",410510016014,13,1115
"204",410050216023,12,1730
"205",410510016012,13,555
"206",410510006024,20,795
"207",410050222013,20,1630
"208",410510016022,13,970
"209",410050230022,3,1845
"210",410510085002,13,1005
"211",410510083022,13,1645
"212",410510082021,20,1820
"213",410050222062,13,3630
"214",410050222072,13,1205
"215",410050237002,22,510
"216",410510091023,13,545
"217",410510097022,13,1240
"218",410050232011,8,1680
"219",410510104054,8,650
"220",410510104112,13,1240
"221",410050234013,8,890
"222",410510105003,17,595
"223",410510041021,27,980
"224",410510047002,29,1175
"225",410510048002,29,975
"226",410510049001,29,1610
"227",410510049002,29,1130
"228",410510038012,16,560
"229",410510038021,16,1175
"230",410510038011,27,845
"231",410510034013,16,505
"232",410510037014,16,815
"233",410510033013,20,915
"234",410510025024,16,935
"235",410510025012,6,650
"236",410510031002,20,1050
"237",410510025022,6,950
"238",410510020001,6,835
"239",410510030002,20,1085
"240",410510027013,20,660
"241",410510028023,6,930
"242",410510074001,17,825
"243",410510017015,6,835
"244",410510017017,20,925
"245",410510029033,6,745
"246",410510078001,17,560
"247",410510079001,17,960
"248",410510080022,17,990
"249",410510095012,17,1155
"250",410510094001,17,1285
"251",410510096042,13,1280
"252",410510096031,13,1335
"253",410510103042,13,775
"254",410510103032,13,1735
"255",410359709001,30,1675
"256",410359701001,30,560
"257",410390001005,3,615
"258",410170002001,30,1740
"259",410170005002,3,215
"260",410050234044,17,1040
"261",410279501002,22,825
"262",410359714002,30,750
"263",410359705002,30,470
"264",410359718001,30,720
"265",410359719002,30,570
"266",410359717004,30,315
"267",410170003004,30,1880
"268",410170002004,30,635
"269",410170002002,30,780
"270",410659707001,22,420
"271",410279502003,22,915
"272",410279504002,22,730
"273",410279502004,17,1580
"274",410170013005,25,500
"275",410170016001,25,660
"276",410170020003,22,2410
"277",410170020001,22,965
"278",410170019023,22,625
"279",410170019011,22,1485
"280",410139503005,25,2165
"281",410170010012,22,3390
"282",410170009002,25,930
"283",410170008001,25,3760
"284",410659708002,17,845
"285",410659703003,22,745
"286",410139503004,25,465
"287",410139504001,25,3100
"288",410699601001,24,530
"289",410379602004,30,560
"290",410239602001,25,615
"291",410239601001,17,630
"292",410499701002,24,1115
"293",410239602003,17,1335
"294",410599512006,24,825
"295",410599509003,24,1520
"296",410599512005,24,1200
"297",410599512001,24,1650
"298",410259602001,25,865
"299",410619706002,24,940
"300",410599400002,24,1455
"301",410599505002,24,1220
"302",410599504006,24,540
"303",410599502005,24,645
"304",410019506003,24,785
"305",410019502001,24,865
"306",410019502002,24,800
"307",410619707003,24,1140
"308",410459706001,22,670
"309",410459702001,22,910
"310",410459703004,22,765
"311",410459704003,22,390
"312",410159501003,9,625
"313",410159504001,9,1210
"314",410159503012,9,565
"315",410159504003,9,1435
"316",410110010002,9,830
"317",410110009005,9,375
"318",410110009001,19,580
"319",410110004004,2,675
"320",410110005041,19,670
"321",410110004003,2,760
"322",410110004002,2,580
"323",410110007002,2,640
"324",410110001006,2,650
"325",410110001003,2,1040
"326",410333616001,9,1060
"327",410333601001,9,1005
"328",410190700002,19,1860
"329",410419516001,19,955
"330",410419510002,2,1050
"331",410419506021,19,580
"332",410579607002,2,550
"333",410579606003,19,610
"334",410579606001,19,285
"335",410579601002,19,1045
"336",410079506003,19,340
"337",410079502004,19,445
"338",410079503002,19,235
"339",410333610003,9,1170
"340",410333606002,9,1685
"341",410333607013,9,655
"342",410333614001,4,1005
"343",410290029005,4,1145
"344",410290029001,4,665
"345",410192000003,9,985
"346",410191600004,30,595
"347",410191600003,30,1335
"348",410190800002,2,1360
"349",410191300004,30,1315
"350",410191200001,30,1830
"351",410191800001,30,800
"352",410190900002,2,425
"353",410191200002,2,1265
"354",410190500023,2,1400
"355",410190400002,2,945
"356",410190300001,19,660
"357",410390009022,21,1165
"358",410390009032,21,1230
"359",410390009034,21,975
"360",410390004022,14,510
"361",410390010011,21,1010
"362",410390010012,14,1025
"363",410390010021,21,1400
"364",410030001002,5,1260
"365",410030104001,14,635
"366",410530204004,5,1355
"367",410530204005,5,380
"368",410030009003,10,1645
"369",410030009002,10,455
"370",410030006003,10,1440
"371",410710305022,19,1025
"372",410710305023,14,950
"373",410530053001,14,735
"374",410670336002,1,495
"375",410099702002,1,795
"376",410099702003,1,1120
"377",410290023002,4,775
"378",410290030013,4,1035
"379",410290030012,4,920
"380",410290015003,4,595
"381",410290010022,4,860
"382",410290010012,4,295
"383",410290010021,4,1840
"384",410290009004,15,3090
"385",410290028003,15,585
"386",410290011002,4,2230
"387",410290002032,4,1050
"388",410290007003,15,580
"389",410290004042,4,1695
"390",410290004031,15,2445
"391",410290013025,15,770
"392",410290013014,15,1620
"393",410290017001,4,1025
"394",410290014001,15,3150
"395",410290017004,15,2525
"396",410290026001,4,1055
"397",410390014002,30,745
"398",410390044012,21,1120
"399",410390023012,11,770
"400",410390041001,11,825
"401",410390053001,21,515
"402",410390046003,11,400
"403",410390046002,11,895
"404",410390054004,21,800
"405",410390029022,11,1045
"406",410390022012,11,2020
"407",410390054001,11,865
"408",410390030003,11,1270
"409",410390050001,11,775
"410",410390049003,11,860
"411",410390049001,11,1110
"412",410390031023,11,1720
"413",410390037001,26,2850
"414",410390031022,11,1300
"415",410390032021,11,885
"416",410390033022,26,965
"417",410390033011,26,995
"418",410390020022,26,2225
"419",410390034002,26,880
"420",410390035001,26,650
"421",410390034004,26,1235
"422",410390019032,26,630
"423",410390018042,26,2120
"424",410390002004,26,1325
"425",410390001002,21,1185
"426",410390002003,21,630
"427",410430309033,26,1640
"428",410430307001,10,800
"429",410430203001,10,750
"430",410430203002,10,550
"431",410430202001,5,1620
"432",410470108023,10,805
"433",410470108012,5,635
"434",410470027004,7,775
"435",410430301001,26,745
"436",410430301004,5,815
"437",410430302006,3,1360
"438",410430302004,3,925
"439",410470024001,10,1005
"440",410530052021,14,1310
"441",410530052013,14,2580
"442",410470014012,7,1175
"443",410470012001,5,1445
"444",410470003002,28,580
"445",410470015033,28,910
"446",410470025011,5,2710
"447",410470004003,28,585
"448",410470007011,28,1500
"449",410470016042,28,615
"450",410470018022,28,765
"451",410470017032,28,1120
"452",410470017031,28,890
"453",410470103044,7,415
"454",410470103043,7,385
"455",410470102023,7,560
"456",410470105023,3,655
"457",410710308022,14,710
"458",410710304005,14,1835
"459",410670330002,19,1110
"460",410670329024,1,1070
"461",410670324103,1,235
"462",410670325021,1,2195
"463",410710302011,7,1195
"464",410670324072,1,1875
"465",410670317044,23,750
"466",410670317042,23,960
"467",410670316062,29,1090
"468",410670323001,23,3935
"469",410670316104,29,1960
"470",410670318131,18,2070
"471",410670318153,27,855
"472",410670314032,29,1565
"473",410670319071,23,1440
"474",410670314033,29,1100
"475",410670310035,29,1275
"476",410670314042,29,475
"477",410670319073,18,895
"478",410670310064,12,1390
"479",410670310062,12,610
"480",410670320011,23,2380
"481",410670319122,12,1330
"482",410670308013,18,1095
"483",410050227072,23,3200
"484",410670308012,18,1090
"485",410670305014,12,825
"486",410670320033,7,505
"487",410670320054,7,400
"488",410670304022,12,845
"489",410670304023,12,1705
"490",410670334001,19,800
"491",410670326044,19,1085
"492",410670326032,23,900
"493",410099705004,1,540
"494",410670326071,23,3130
"495",410670316093,23,1420
"496",410670316094,23,1415
"497",410099710003,1,1095
"498",410670327003,1,1475
"499",410670316105,29,1445
"500",410099706002,27,635
"501",410510070002,29,1565
"502",410290021002,4,665
"503",410290022002,4,1175
"504",410290020002,4,805
"505",410390001003,21,1195
"506",410430304016,26,425
"507",410430304023,26,835
"508",410470105012,3,920
"509",410050241003,3,1155
"510",410050227021,7,2170
"511",410050203031,18,1905
"512",410510064041,12,1610
"513",410510046012,16,1160
"514",410050229052,3,1245
"515",410050229042,3,1125
"516",410510056002,16,685
"517",410050202004,7,1590
"518",410050201003,18,615
"519",410050201002,18,770
"520",410510001006,12,650
"521",410050205011,3,630
"522",410510063002,18,1205
"523",410510010004,6,780
"524",410510001002,12,800
"525",410050213003,3,980
"526",410050212002,12,480
"527",410510003013,6,1360
"528",410510014001,6,1105
"529",410050217001,3,2065
"530",410510004014,6,530
"531",410050217002,3,1170
"532",410510004012,6,450
"533",410050210002,6,2090
"534",410050225003,3,2115
"535",410050218011,18,1750
"536",410510004023,20,1070
"537",410050210001,12,790
"538",410050215001,18,1595
"539",410510087002,20,1360
"540",410050219001,3,1770
"541",410510005013,20,815
"542",410050224003,3,690
"543",410050224002,3,805
"544",410510005023,6,845
"545",410510005022,6,515
"546",410510007021,20,980
"547",410510006014,20,1120
"548",410510006022,20,1520
"549",410050222012,20,2115
"550",410510083012,20,1765
"551",410510006012,13,555
"552",410050222051,20,1395
"553",410050226031,3,2750
"554",410050223022,8,1255
"555",410510089012,13,2120
"556",410050221031,18,2665
"557",410510098041,13,1555
"558",410510099042,8,775
"559",410510100013,8,2460
"560",410510099062,8,1020
"561",410510104051,13,1195
"562",410510104052,8,895
"563",410510104111,8,1180
"564",410050233002,8,1105
"565",410050236002,22,1100
"566",410050242004,22,730
"567",410510040023,27,1040
"568",410510040021,27,2115
"569",410510039015,27,1525
"570",410510038013,27,1100
"571",410519800001,16,0
"572",410510037022,16,595
"573",410510037011,20,940
"574",410510023032,16,1550
"575",410510024013,16,675
"576",410510033011,20,825
"577",410510024011,16,1060
"578",410510032001,20,995
"579",410510025014,6,535
"580",410510025013,6,690
"581",410510028012,20,1025
"582",410510018021,6,1885
"583",410510016016,20,700
"584",410510017014,20,610
"585",410510017011,6,410
"586",410510076001,20,1010
"587",410510029034,6,1570
"588",410510017021,20,1485
"589",410510078002,17,920
"590",410510077001,17,745
"591",410510080011,17,1120
"592",410510093021,20,2080
"593",410510093011,17,1645
"594",410170005001,22,1325
"595",410059800001,22,55
"596",410050234043,22,785
"597",410050234031,8,3860
"598",410050243041,22,1610
"599",410359715004,30,465
"600",410359713001,30,410
"601",410359714003,30,230
"602",410359711003,30,1080
"603",410359704001,30,1020
"604",410359719003,30,385
"605",410359716001,30,300
"606",410359716002,30,710
"607",410170013001,22,3990
"608",410170011001,25,2645
"609",410170005003,3,510
"610",410279502005,17,1105
"611",410659706001,17,800
"612",410170015002,22,1145
"613",410170018001,22,1525
"614",410170018003,25,1820
"615",410170018004,25,1640
"616",410319603012,25,1020
"617",410170007004,25,995
"618",410319603023,25,455
"619",410319602023,25,1220
"620",410319602021,25,960
"621",410659703001,22,780
"622",410659701001,17,1605
"623",410379602001,30,885
"624",410139503002,25,1350
"625",410139501005,25,860
"626",410139501001,17,700
"627",410559501002,24,640
"628",410379602007,30,450
"629",410379602002,30,405
"630",410239602002,17,575
"631",410599511001,24,530
"632",410599511002,24,955
"633",410599511004,24,400
"634",410599510005,24,595
"635",410599512002,24,635
"636",410459709002,22,505
"637",410619705003,24,825
"638",410599502002,24,740
"639",410019505001,24,1340
"640",410619708001,24,525
"641",410019506001,24,385
"642",410639601001,24,1575
"643",410459704005,22,325
"644",410159501001,9,680
"645",410159504004,9,860
"646",410159501002,9,1045
"647",410110010003,9,945
"648",410110010007,9,985
"649",410110007006,2,840
"650",410110007005,2,440
"651",410110007003,2,180
"652",410110007008,2,930
"653",410110001004,9,790
"654",410419901000,2,0
"655",410333616007,9,830
"656",410190100002,9,1120
"657",410390007082,2,750
"658",410419516003,19,785
"659",410419514001,2,1365
"660",410419518001,19,650
"661",410030103002,14,845
"662",410030103003,19,740
"663",410419510001,2,475
"664",410419509004,2,615
"665",410419511001,19,720
"666",410419518003,2,1075
"667",410419503032,2,440
"668",410419503042,2,520
"669",410419501002,2,950
"670",410710305021,19,915
"671",410579607001,19,650
"672",410079511004,19,635
"673",410579601001,19,865
"674",410079509004,19,390
"675",410079501002,19,920
"676",410079503003,1,1085
"677",410333603002,9,945
"678",410333606001,9,1465
"679",410333605004,9,1265
"680",410190700001,2,1060
"681",410191600002,30,1830
"682",410191600001,30,1070
"683",410191400005,2,490
"684",410191800003,30,630
"685",410191800005,15,765
"686",410190900004,2,1220
"687",410190900003,2,2495
"688",410390009021,21,730
"689",410390010022,21,825
"690",410030103001,19,1065
"691",410430307003,5,690
"692",410430306004,14,1465
"693",410030009001,10,560
"694",410030011011,10,1010
"695",410030010021,10,650
"696",410030106004,10,1960
"697",410030010012,10,1040
"698",410530203021,10,930
"699",410530203031,14,2555
"700",410530202043,5,1845
"701",410710306013,14,505
"702",410710310002,14,1590
"703",410710307012,14,2935
"704",410670336003,19,575
"705",410710304002,1,1830
"706",410099711002,1,970
"707",410290023001,4,580
"708",410290025001,4,1070
"709",410290010011,4,1270
"710",410290002022,15,590
"711",410290002013,15,1070
"712",410290005011,15,850
"713",410290012002,15,80
"714",410290005022,15,1685
"715",410290013023,15,1895
"716",410290006011,15,1345
"717",410290024001,15,790
"718",410290026002,4,1185
"719",410192100001,4,500
"720",410191000001,30,565
"721",410390013022,21,1545
"722",410390012011,21,1510
"723",410390013021,21,1280
"724",410390016005,21,1090
"725",410390016004,21,720
"726",410390026001,21,1775
"727",410390024031,14,1540
"728",410390024041,11,1555
"729",410390041004,11,705
"730",410390044033,21,505
"731",410390042001,11,1005
"732",410390044034,11,1460
"733",410390028001,11,1605
"734",410390045013,11,830
"735",410390039003,11,620
"736",410390047001,11,895
"737",410390037002,11,1540
"738",410390049002,26,1815
"739",410390031012,26,1275
"740",410390031024,26,1320
"741",410390032012,26,1715
"742",410390032022,11,905
"743",410390032023,11,1260
"744",410390021012,11,1050
"745",410390033021,11,600
"746",410390019023,26,1350
"747",410390019021,26,1505
"748",410390011011,21,1325
"749",410390002001,26,1475
"750",410430309023,26,1345
"751",410430303001,3,690
"752",410430203003,10,805
"753",410430208022,10,1185
"754",410430206004,10,435
"755",410470023041,28,2375
"756",410470020003,5,1815
"757",410430201003,10,865
"758",410470018032,5,2255
"759",410430301002,5,1200
"760",410470107012,5,1300
"761",410470022012,28,540
"762",410470011002,5,1595
"763",410470009003,28,520
"764",410470009001,28,630
"765",410470007013,28,2870
"766",410470005012,28,1280
"767",410470017011,28,760
"768",410470017013,28,1420
"769",410470025021,5,1070
"770",410470026001,5,665
"771",410470103061,7,2290
"772",410470103042,7,985
"773",410470103071,7,2340
"774",410470103053,5,955
"775",410470105032,5,610
"776",410470105022,5,1925
"777",410050238003,3,380
"778",410710307022,7,485
"779",410710308013,14,1280
"780",410670331021,1,1190
"781",410670329021,1,770
"782",410710303011,1,385
"783",410670330004,19,1515
"784",410710302013,23,775
"785",410670324043,1,760
"786",410670325031,1,1835
"787",410670322004,23,530
"788",410670324071,23,1730
"789",410670316152,23,1005
"790",410670316061,23,1860
"791",410670322003,7,1010
"792",410670317043,18,750
"793",410670316133,29,1135
"794",410670318142,18,2255
"795",410670316113,29,1010
"796",410670310033,29,520
"797",410670310042,27,1210
"798",410670314043,29,1260
"799",410670314044,29,900
"800",410670310063,12,965
"801",410670319101,18,3130
"802",410670310051,27,675
"803",410670319123,12,475
"804",410670313002,16,1775
"805",410050227071,7,910
"806",410670304012,16,1790
"807",410670320032,7,975
"808",410670321081,23,1025
"809",410670308011,18,1610
"810",410670305012,12,755
"811",410670320052,7,690
"812",410670303001,27,1005
"813",410050244001,23,2365
"814",410050228003,7,435
"815",410670329012,1,1485
"816",410670326033,1,865
"817",410670324091,1,670
"818",410670324081,1,1555
"819",410099710002,27,1580
"820",410670315112,29,525
"821",410670316101,29,665
"822",410670315122,29,1895
"823",410670315143,29,1805
"824",410099706004,27,1650
"825",410510071001,27,1615
"826",410510041023,27,1000
"827",410099702004,1,1135
"828",410099708003,1,2535
"829",410099708002,27,1690
"830",410099705001,27,2675
"831",410290018002,4,2185
"832",410290025003,4,435
"833",410290025002,4,465
"834",410430304021,26,405
"835",410470106002,5,1190
"836",410050239021,8,1555
"837",410050204011,7,1110
"838",410510069001,16,1140
"839",410050202001,18,970
"840",410510062003,18,875
"841",410510062002,18,695
"842",410050204042,7,1380
"843",410050229071,3,1580
"844",410510059002,18,780
"845",410050229072,3,1195
"846",410050202003,18,530
"847",410050205032,7,840
"848",410510001007,12,750
"849",410510011021,16,1365
"850",410510063001,18,1800
"851",410510012023,6,735
"852",410510012013,6,860
"853",410510002001,6,860
"854",410510010003,16,875
"855",410510002002,12,1635
"856",410050205051,7,1140
"857",410510012021,16,1065
"858",410510012022,16,1080
"859",410050213002,7,1670
"860",410050205043,3,2175
"861",410050208003,12,1270
"862",410510009012,6,905
"863",410510008014,6,825
"864",410510014002,6,1025
"865",410510015003,6,595
"866",410050206003,3,2470
"867",410510004021,6,1030
"868",410050211004,12,1450
"869",410050224005,3,670
"870",410510087001,20,1290
"871",410510005012,20,885
"872",410050218013,18,1635
"873",410510016015,20,770
"874",410050216012,12,2065
"875",410050226052,3,1970
"876",410510016024,20,695
"877",410050221012,18,1080
"878",410050226053,3,2435
"879",410510006011,13,1300
"880",410050221051,18,1165
"881",410510082023,13,1435
"882",410510092012,13,2510
"883",410510090003,13,2275
"884",410050223021,3,1455
"885",410510097012,17,890
"886",410510091024,13,1435
"887",410050232023,8,3290
"888",410510098031,8,1845
"889",410510099041,8,995
"890",410510100022,8,1880
"891",410050232021,8,980
"892",410510100012,8,845
"893",410050232022,8,1605
"894",410050231001,8,2075
"895",410050232012,13,1860
"896",410510099073,8,2325
"897",410050234012,8,1680
"898",410050242002,22,2195
"899",410050234011,17,1195
"900",410510039022,16,830
"901",410510048001,29,1120
"902",410510052004,27,1455
"903",410510049003,29,1155
"904",410510106002,16,1500
"905",410510035021,16,995
"906",410510035014,16,540
"907",410510037021,20,685
"908",410510024023,16,1125
"909",410510024021,16,940
"910",410510032002,16,930
"911",410510032003,16,645
"912",410510025015,6,515
"913",410510012011,6,775
"914",410510025021,6,625
"915",410510013014,6,1215
"916",410510026003,6,675
"917",410510030003,6,1155
"918",410510027011,6,830
"919",410510018013,6,1450
"920",410510017016,20,975
"921",410510029012,20,810
"922",410510029032,20,655
"923",410510081002,6,1605
"924",410510094002,20,860
"925",410510094004,17,1185
"926",410359703004,30,680
"927",410359703002,30,420
"928",410359720002,30,855
"929",410050243042,22,300
"930",410359715001,30,455
"931",410359713002,30,515
"932",410359712003,30,445
"933",410359714005,30,1105
"934",410359713006,30,555
"935",410359710002,30,1255
"936",410359720001,30,755
"937",410359719004,30,890
"938",410359720004,30,605
"939",410359701002,30,1680
"940",410279502001,17,1115
"941",410279503004,17,585
"942",410379601001,30,1590
"943",410170013003,22,1270
"944",410170017003,25,880
"945",410170016003,25,2375
"946",410170008003,25,750
"947",410170008004,25,625
"948",410170007001,25,1515
"949",410139502001,25,955
"950",410319602022,25,1670
"951",410659705001,17,890
"952",410659705002,17,950
"953",410659704002,17,1535
"954",410659706002,17,1070
"955",410659701003,22,510
"956",410139502002,25,990
"957",410139501002,25,915
"958",410379602003,30,600
"959",410499702004,24,315
"960",410499702001,24,335
"961",410499701004,24,775
"962",410499701003,24,500
"963",410259601003,22,945
"964",410259601004,22,1125
"965",410599505003,24,330
"966",410599510001,24,660
"967",410599513002,24,775
"968",410599504002,24,1950
"969",410599509002,24,690
"970",410599510002,24,1410
"971",410599508002,24,535
"972",410599512003,24,415
"973",410599506002,24,575
"974",410599507002,24,525
"975",410599506005,24,1110
"976",410019501001,24,780
"977",410019504002,24,375
"978",410019504003,24,500
"979",410639603004,24,480
"980",410639603003,24,970
"981",410459705003,22,405
"982",410459705002,22,530
"983",410459702002,22,565
"984",410459703002,22,635
"985",410459704002,22,815
"986",410159901010,9,0
"987",410110009004,2,775
"988",410110005032,2,935
"989",410110003002,2,475
"990",410199900000,9,0
"991",410190200004,9,400
"992",410390007081,2,1220
"993",410333615001,9,2030
"994",410333609002,9,480
"995",410419513001,19,930
"996",410419512002,2,755
"997",410419513002,19,1105
"998",410579605002,19,495
"999",410579607003,2,670
"1000",410579604004,19,400
"1001",410079511002,19,585
"1002",410079509006,19,510
"1003",410079509002,19,875
"1004",410079507002,19,760
"1005",410079505001,19,975
"1006",410079502003,19,950
"1007",410079502001,19,1005
"1008",410333616004,9,890
"1009",410333610002,9,1060
"1010",410333603003,9,1470
"1011",410333610004,9,1465
"1012",410333606005,4,570
"1013",410333612003,4,1280
"1014",410333605002,4,800
"1015",410333604002,4,2130
"1016",410290029006,4,785
"1017",410191400004,2,645
"1018",410191600005,30,1045
"1019",410191200005,2,485
"1020",410191200006,2,575
"1021",410191900002,30,910
"1022",410191900003,15,775
"1023",410191800004,30,735
"1024",410191100002,30,1000
"1025",410190500022,21,735
"1026",410190500024,2,1025
"1027",410190500011,21,570
"1028",410390009042,21,1580
"1029",410390009031,21,600
"1030",410390004023,14,1105
"1031",410030108001,19,455
"1032",410030108003,14,1315
"1033",410030104003,26,1800
"1034",410430306001,26,630
"1035",410030004003,10,1275
"1036",410030107021,5,800
"1037",410030107022,10,1645
"1038",410030011013,5,625
"1039",410030004002,5,2045
"1040",410030005002,10,1085
"1041",410530203041,14,1195
"1042",410530204001,19,1040
"1043",410710305013,14,1815
"1044",410530205003,14,1960
"1045",410530202023,14,1495
"1046",410710305011,14,1320
"1047",410710307011,14,1885
"1048",410079512001,1,545
"1049",410290010023,4,480
"1050",410290007004,15,1060
"1051",410290008002,4,1760
"1052",410290010013,4,2285
"1053",410290002031,4,770
"1054",410290004061,4,1485
"1055",410290013011,15,1005
"1056",410290006021,15,1400
"1057",410290004041,15,1840
"1058",410290006012,15,1120
"1059",410290027002,15,1510
"1060",410290016025,15,1655
"1061",410290013022,15,1990
"1062",410191000003,30,1000
"1063",410390012021,21,1475
"1064",410390013012,21,1145
"1065",410390025031,21,2900
"1066",410390025034,21,165
"1067",410390004043,14,1250
"1068",410390025013,21,1275
"1069",410390024033,11,880
"1070",410390044014,21,845
"1071",410390027001,21,1925
"1072",410390023023,14,765
"1073",410390028002,11,930
"1074",410390041002,11,1090
"1075",410390045011,11,850
"1076",410390039002,11,1350
"1077",410390038003,11,2045
"1078",410390040001,11,790
"1079",410390029021,11,1875
"1080",410390022021,11,1855
"1081",410390031011,26,1265
"1082",410390035002,26,980
"1083",410390019031,26,1565
"1084",410390018032,21,1305
"1085",410390018041,26,775
"1086",410390018012,26,1725
"1087",410390016001,21,620
"1088",410390001001,21,855
"1089",410430306005,14,925
"1090",410430306002,26,960
"1091",410430309025,5,1880
"1092",410430308004,26,645
"1093",410430309032,26,830
"1094",410430308002,26,1410
"1095",410430304012,26,1305
"1096",410430304013,26,950
"1097",410430304014,26,620
"1098",410430203005,10,3075
"1099",410430207002,5,1055
"1100",410470028002,10,1905
"1101",410470028001,10,1065
"1102",410470027001,5,2390
"1103",410470107022,5,2145
"1104",410530052012,14,3510
"1105",410530053003,7,1555
"1106",410470022023,10,1980
"1107",410470021023,10,1535
"1108",410470021022,28,590
"1109",410470021012,5,745
"1110",410470021021,5,1310
"1111",410470012002,28,1700
"1112",410470011001,28,865
"1113",410470023033,28,1475
"1114",410470014011,7,2210
"1115",410470002003,5,1695
"1116",410470020001,5,2170
"1117",410470009004,28,805
"1118",410470006003,5,1100
"1119",410470015011,5,1040
"1120",410470016025,28,965
"1121",410470016013,28,1350
"1122",410470016014,28,995
"1123",410470018011,28,740
"1124",410470017022,28,1060
"1125",410470016032,28,1455
"1126",410470027005,5,1770
"1127",410470103064,7,730
"1128",410470026002,7,810
"1129",410470104005,5,805
"1130",410050238004,3,1850
"1131",410710309001,1,2065
"1132",410670325012,1,510
"1133",410670324102,1,690
"1134",410710302022,7,610
"1135",410710302023,7,1640
"1136",410670316141,23,1640
"1137",410670316153,23,895
"1138",410670317045,23,630
"1139",410670317041,23,1325
"1140",410670316063,29,1305
"1141",410670318151,18,2070
"1142",410670316134,29,2305
"1143",410670318061,27,1020
"1144",410670318072,27,1440
"1145",410670318152,27,2050
"1146",410670321043,7,1245
"1147",410670319102,23,1215
"1148",410670310043,27,1035
"1149",410670319111,18,2080
"1150",410670319075,23,1080
"1151",410670302003,27,1400
"1152",410670305011,27,715
"1153",410670309003,12,725
"1154",410670303004,16,1130
"1155",410670320053,7,1515
"1156",410670301013,27,3740
"1157",410670321082,7,1170
"1158",410670326043,1,645
"1159",410670326034,1,2080
"1160",410670326101,1,1255
"1161",410670326102,1,615
"1162",410670324045,1,1065
"1163",410670326031,1,990
"1164",410670316174,29,375
"1165",410670316091,29,1790
"1166",410670316161,29,945
"1167",410099705003,1,650
"1168",410099706003,27,755
"1169",410099709003,27,2130
"1170",410670315062,29,1620
"1171",410670315071,27,1935
"1172",410670315073,29,1385
"1173",410670315082,27,1240
"1174",410670315081,27,1645
"1175",410510042002,27,1965
"1176",410510070001,27,710
"1177",410099708001,27,1090
"1178",410290018001,4,1200
"1179",410290020001,4,1070
"1180",410290019001,4,1525
"1181",410290019002,4,935
"1182",410290022003,4,805
"1183",410430304015,26,445
"1184",410430304024,26,970
"1185",410430302005,3,915
"1186",410050239011,8,3630
"1187",410050203022,18,2345
"1188",410050203042,18,940
"1189",410510065012,12,1655
"1190",410510069002,16,955
"1191",410510064031,18,730
"1192",410510067022,12,775
"1193",410050203032,18,790
"1194",410510058005,16,700
"1195",410050204032,3,765
"1196",410050229053,3,1035
"1197",410510057002,16,1690
"1198",410510011011,16,805
"1199",410510001001,6,770
"1200",410510001004,12,915
"1201",410050208001,12,1130
"1202",410510003026,6,770
"1203",410510013013,6,760
"1204",410050207001,3,610
"1205",410050213001,3,1670
"1206",410050208002,12,900
"1207",410510013022,6,965
"1208",410510009011,6,1125
"1209",410050209002,12,900
"1210",410050226022,7,1700
"1211",410050218021,3,1540
"1212",410510008024,6,1660
"1213",410510004011,6,1300
"1214",410050218022,8,1745
"1215",410050226061,3,3770
"1216",410510005014,6,885
"1217",410510007022,20,900
"1218",410050216014,6,655
"1219",410050220001,18,1545
"1220",410050216021,20,1325
"1221",410510016011,13,975
"1222",410050215002,12,2390
"1223",410050220003,8,1405
"1224",410510082011,20,765
"1225",410510082012,13,870
"1226",410050223011,8,1325
"1227",410050222082,8,2045
"1228",410510092022,17,645
"1229",410510091012,20,1320
"1230",410510091011,20,1935
"1231",410510097024,17,1425
"1232",410510098042,13,810
"1233",410050230012,3,775
"1234",410510098032,13,1105
"1235",410510099052,13,1450
"1236",410050230021,22,1210
"1237",410510099034,8,840
"1238",410510099032,8,1665
"1239",410510104084,8,980
"1240",410510104022,13,1780
"1241",410050233003,8,1325
"1242",410510041024,27,1085
"1243",410510041022,27,970
"1244",410510041012,16,1290
"1245",410510046011,27,1425
"1246",410510052002,27,750
"1247",410510052001,27,905
"1248",410510051001,16,3900
"1249",410510051002,27,2545
"1250",410510034021,16,1240
"1251",410510034011,16,695
"1252",410510022034,16,800
"1253",410510036011,20,665
"1254",410510021001,16,955
"1255",410510072012,17,1015
"1256",410510025016,16,450
"1257",410510020002,6,670
"1258",410510019003,6,785
"1259",410510019002,6,965
"1260",410510036031,20,565
"1261",410510074002,20,1560
"1262",410510017013,6,890
"1263",410510029021,6,685
"1264",410510029011,6,680
"1265",410510081004,20,1680
"1266",410510093022,20,1180
"1267",410510096052,17,1105
"1268",410510102003,17,2225
"1269",410510102002,17,945
"1270",410510103062,13,1535
"1271",410510103052,17,1225
"1272",410359710001,30,520
"1273",410359701003,30,510
"1274",410359715003,30,485
"1275",410359714004,30,935
"1276",410359713004,30,490
"1277",410359713005,30,1325
"1278",410359707002,30,810
"1279",410359706001,30,925
"1280",410359705001,30,775
"1281",410359719001,30,610
"1282",410359718002,30,605
"1283",410359702002,30,785
"1284",410170003002,30,2320
"1285",410170004012,22,1860
"1286",410170006002,25,790
"1287",410170006004,22,1590
"1288",410659708003,22,530
"1289",410279503003,17,545
"1290",410279503006,22,980
"1291",410279504004,22,270
"1292",410279502002,22,440
"1293",410139504002,25,460
"1294",410170021004,22,1225
"1295",410170020002,22,1535
"1296",410170011002,25,1640
"1297",410170017004,25,1495
"1298",410170019021,22,4655
"1299",410170012001,25,1235
"1300",410319603011,22,665
"1301",410170010014,25,2415
"1302",410170009001,25,2095
"1303",410319602012,25,985
"1304",410659702001,17,435
"1305",410599514001,24,1210
"1306",410599506004,24,745
"1307",410599503003,24,740
"1308",410599400001,24,740
"1309",410019501002,24,610
"1310",410019501003,24,885
"1311",410599501003,24,495
"1312",410599502003,24,710
"1313",410599501001,24,1290
"1314",410599501002,24,585
"1315",410019505002,24,780
"1316",410619706003,24,690
"1317",410619701001,24,655
"1318",410639603002,24,470
"1319",410459707001,22,1100
"1320",410459703003,22,400
"1321",410459709001,17,475
"1322",410159503022,9,1780
"1323",410159502002,9,1415
"1324",410110010006,9,625
"1325",410119901010,9,0
"1326",410110011003,9,590
"1327",410110011006,9,975
"1328",410110005043,2,880
"1329",410110004005,2,785
"1330",410110004006,2,1080
"1331",410110006002,2,485
"1332",410110007001,2,1025
"1333",410110008002,2,1635
"1334",410079900000,19,0
"1335",410333616006,9,895
"1336",410190300003,2,1300
"1337",410390008001,19,445
"1338",410390007051,9,795
"1339",410390007072,2,975
"1340",410390007073,9,1175
"1341",410419516002,19,1040
"1342",410419512001,2,1075
"1343",410419509003,2,780
"1344",410419506012,2,710
"1345",410419514002,19,980
"1346",410419504001,19,1580
"1347",410579605001,19,470
"1348",410579604005,19,630
"1349",410579604001,19,610
"1350",410579603001,19,775
"1351",410079509005,19,475
"1352",410079507001,19,825
"1353",410079504002,1,1395
"1354",410079501003,19,895
"1355",410079503001,1,510
"1356",410079503004,19,520
"1357",410333603001,9,1165
"1358",410333607022,4,625
"1359",410333612002,4,1530
"1360",410333604001,4,1640
"1361",410333613004,4,1585
"1362",410192000001,2,1075
"1363",410192100002,15,915
"1364",410191500001,30,1940
"1365",410191300001,2,1180
"1366",410191200004,2,815
"1367",410190600003,2,1515
"1368",410190500012,2,1300
"1369",410390009033,21,1300
"1370",410390009024,21,890
"1371",410390004031,14,665
"1372",410030109001,5,1790
"1373",410030002022,14,2905
"1374",410390004034,14,1075
"1375",410030004004,10,915
"1376",410030107023,5,1125
"1377",410530202042,14,1155
"1378",410030011023,10,820
"1379",410030010023,10,880
"1380",410030004001,10,1680
"1381",410530205002,14,2445
"1382",410530202031,14,1090
"1383",410530202022,14,1825
"1384",410710307021,14,1485
"1385",410710304001,19,805
"1386",410710307013,14,1190
"1387",410670336001,1,835
"1388",410670333022,19,3050
"1389",410670335002,19,2490
"1390",410290024002,4,745
"1391",410290029004,15,1035
"1392",410290009002,15,1875
"1393",410290011003,15,600
"1394",410290011001,15,1245
"1395",410290002021,15,880
"1396",410290007005,15,1805
"1397",410290002012,15,895
"1398",410290007001,15,1365
"1399",410290016023,15,415
"1400",410290013012,15,620
"1401",410290017002,15,1510
"1402",410290014002,15,1770
"1403",410290013021,4,1085
"1404",410290027004,15,1280
"1405",410191000002,30,845
"1406",410390014001,21,1350
"1407",410390012012,21,740
"1408",410390013023,21,1205
"1409",410390011021,21,615
"1410",410390013013,21,670
"1411",410390026002,11,1180
"1412",410390024013,14,1285
"1413",410390023021,26,1655
"1414",410390023022,14,1120
"1415",410390045022,11,605
"1416",410390046001,11,855
"1417",410390040002,11,690
"1418",410390052001,11,785
"1419",410390029031,11,920
"1420",410390047004,11,1065
"1421",410390038001,26,1140
"1422",410390048002,11,1140
"1423",410390050002,21,1405
"1424",410390031021,11,985
"1425",410390050004,11,1040
"1426",410390022023,26,2260
"1427",410390021022,11,1890
"1428",410390036001,26,1020
"1429",410390036002,11,745
"1430",410390018033,26,950
"1431",410390035004,26,1140
"1432",410390017003,21,1070
"1433",410390016002,21,905
"1434",410390016003,21,885
"1435",410430308006,26,1245
"1436",410430309042,26,1365
"1437",410430309034,26,1150
"1438",410430308003,26,970
"1439",410430309043,26,1080
"1440",410430309041,26,840
"1441",410430305001,26,815
"1442",410430303002,26,630
"1443",410530203024,10,915
"1444",410030101005,10,1220
"1445",410430208021,10,985
"1446",410430207003,10,1535
"1447",410430207001,10,1590
"1448",410430206001,10,2060
"1449",410430205002,10,1760
"1450",410430206003,10,1800
"1451",410470023012,10,680
"1452",410470023042,5,635
"1453",410470023043,5,1510
"1454",410470108024,10,1820
"1455",410470027003,10,1575
"1456",410430301005,26,1070
"1457",410470022021,28,2210
"1458",410470022011,10,1095
"1459",410470013003,28,620
"1460",410470014021,28,1500
"1461",410470003003,28,885
"1462",410470014022,28,1175
"1463",410470002001,28,550
"1464",410470015013,28,1100
"1465",410470020002,5,1415
"1466",410470003001,28,700
"1467",410470009006,28,415
"1468",410470015023,28,730
"1469",410470015021,28,1495
"1470",410470025013,7,2435
"1471",410470015022,28,1100
"1472",410470005022,28,1285
"1473",410470101001,5,550
"1474",410470103073,7,1335
"1475",410470103062,5,420
"1476",410470104003,3,840
"1477",410470103052,5,985
"1478",410470105021,5,2215
"1479",410710306011,7,830
"1480",410670333021,19,1195
"1481",410670331011,19,2155
"1482",410710303012,1,2735
"1483",410710303014,7,2175
"1484",410710303013,23,1130
"1485",410710302021,7,1800
"1486",410670324101,1,1485
"1487",410710301023,7,2200
"1488",410670324061,1,680
"1489",410670324064,1,2350
"1490",410670316142,23,2275
"1491",410670318042,18,2670
"1492",410670318141,23,715
"1493",410670316112,29,1570
"1494",410670318063,18,2175
"1495",410670322001,23,3225
"1496",410670310032,29,805
"1497",410670319103,18,1990
"1498",410670312001,29,1025
"1499",410670310034,29,1920
"1500",410670310044,12,2045
"1501",410670314031,29,685
"1502",410670311002,27,550
"1503",410670310054,29,540
"1504",410670319042,18,1170
"1505",410670308032,18,1010
"1506",410670308031,18,1395
"1507",410670321083,23,935
"1508",410670305022,12,655
"1509",410670320013,18,760
"1510",410670302004,27,1460
"1511",410670308061,18,2030
"1512",410670307002,12,485
"1513",410670332002,1,2730
"1514",410670326045,1,1445
"1515",410670324092,1,1235
"1516",410670326065,1,805
"1517",410670324042,1,1020
"1518",410670315041,29,1230
"1519",410670315121,29,505
"1520",410670315091,29,2330
"1521",410670315085,29,1125
"1522",410099707004,16,975
"1523",410099709001,16,755
"1524",410510070004,29,2660
"1525",410510042001,16,1160
"1526",410510072011,17,1095
"1527",410099707001,27,770
"1528",410290021003,4,625
"1529",410290018004,4,1500
"1530",410290022004,4,1025
"1531",410390015002,3,1200
"1532",410430302001,5,815
"1533",410050238002,3,735
"1534",410050240001,3,1435
"1535",410510067012,12,1065
"1536",410510066011,12,1205
"1537",410050203021,12,845
"1538",410510055001,16,1320
"1539",410510063003,18,1360
"1540",410510058002,16,900
"1541",410050202002,18,1020
"1542",410510059004,18,1425
"1543",410510064022,18,1930
"1544",410510059003,18,870
"1545",410050202005,18,930
"1546",410050201001,18,1610
"1547",410050227023,7,890
"1548",410050205012,3,2395
"1549",410050205042,3,2105
"1550",410050212003,18,1140
"1551",410050214003,12,665
"1552",410510009021,6,1810
"1553",410510003022,12,1015
"1554",410510008021,6,725
"1555",410510004022,20,715
"1556",410050211003,12,980
"1557",410510007014,20,685
"1558",410050216022,12,840
"1559",410510005024,6,895
"1560",410050224001,8,740
"1561",410050221014,8,1375
"1562",410050221011,18,1595
"1563",410510083011,20,1165
"1564",410510006013,13,640
"1565",410050237001,22,1230
"1566",410510092013,13,1635
"1567",410050223023,3,1800
"1568",410050221052,18,1545
"1569",410510091021,13,925
"1570",410510097013,17,1050
"1571",410510097011,17,2145
"1572",410050223012,8,1175
"1573",410050221032,18,2895
"1574",410510089011,13,3775
"1575",410510098033,13,1175
"1576",410510098012,13,1115
"1577",410510101004,8,905
"1578",410050231003,8,1820
"1579",410510101003,8,1735
"1580",410510099071,8,675
"1581",410510099072,8,925
"1582",410050233001,13,1795
"1583",410050235003,8,820
"1584",410050235001,8,1210
"1585",410050235005,8,1190
"1586",410050235002,8,1230
"1587",410510040013,27,945
"1588",410510040014,27,1510
"1589",410510040011,16,1310
"1590",410510039014,27,1030
"1591",410510039024,27,715
"1592",410510039023,16,670
"1593",410510039021,16,465
"1594",410510039011,27,1310
"1595",410510050001,27,2830
"1596",410510035022,16,1180
"1597",410510034023,16,1245
"1598",410510022033,16,970
"1599",410510033022,16,1360
"1600",410510036013,20,1115
"1601",410510036023,16,1420
"1602",410510025023,6,1245
"1603",410510031004,16,765
"1604",410510013011,6,915
"1605",410510027021,6,1155
"1606",410510027012,6,890
"1607",410510075002,20,960
"1608",410510075001,20,1705
"1609",410510076002,20,1075
"1610",410510077002,20,805
"1611",410510016021,20,655
"1612",410510080012,17,1440
"1613",410510081001,20,1725
"1614",410510080021,17,1150
"1615",410510095023,17,1175
"1616",410510095021,17,870
"1617",410510095011,17,2365
"1618",410510096061,13,1490
"1619",410510096032,13,1190
"1620",410510101002,13,3410
"1621",410510103053,13,910
"1622",410359708001,30,1090
"1623",410359702001,30,845
"1624",410319603021,22,540
"1625",410050234042,17,1665
"1626",410050243031,22,1205
"1627",410359712001,30,980
"1628",410359713003,30,480
"1629",410170002003,30,1165
"1630",410170004023,30,205
"1631",410170003001,30,2730
"1632",410170005004,3,1465
"1633",410319400002,22,1350
"1634",410279504001,17,1170
"1635",410170021001,25,1520
"1636",410170013004,25,760
"1637",410170015004,22,620
"1638",410170017002,25,1935
"1639",410319603022,25,665
"1640",410659701002,22,750
"1641",410139503001,25,460
"1642",410499702006,24,325
"1643",410499702003,24,570
"1644",410599514002,24,695
"1645",410599511003,24,470
"1646",410599513001,24,460
"1647",410599508003,24,540
"1648",410599508004,24,1725
"1649",410239601002,24,330
"1650",410599505001,24,1120
"1651",410599506001,24,515
"1652",410599504003,24,685
"1653",410599506006,24,1035
"1654",410599504004,24,415
"1655",410599507003,24,675
"1656",410599501004,24,810
"1657",410599502004,24,740
"1658",410019503001,24,755
"1659",410639602001,24,1180
"1660",410619702003,24,665
"1661",410619706004,24,475
"1662",410619705002,24,950
"1663",410619704003,24,525
"1664",410619708003,24,815
"1665",410619703002,24,1255
"1666",410639602002,24,345
"1667",410619701002,24,875
"1668",410459400001,22,0
"1669",410459706003,22,635
"1670",410459706004,22,635
"1671",410639603001,24,570
"1672",410459706005,22,135
"1673",410459705006,22,445
"1674",410459705005,22,355
"1675",410459702003,22,600
"1676",410459704004,22,320
"1677",410019506002,24,470
"1678",410110010005,9,960
"1679",410110005022,2,640
"1680",410110009002,2,1155
"1681",410110009007,2,950
"1682",410110005044,2,605
"1683",410110005045,2,1865
"1684",410110005042,2,785
"1685",410110003003,2,410
"1686",410110008001,2,945
"1687",410190200001,9,385
"1688",410190100001,9,775
"1689",410390007061,9,935
"1690",410390007052,9,1435
"1691",410390005001,2,680
"1692",410419517001,19,1770
"1693",410419509002,19,625
"1694",410419506011,19,320
"1695",410579608002,2,595
"1696",410579604002,19,975
"1697",410579604003,19,1345
"1698",410579602002,19,775
"1699",410579601004,19,570
"1700",410079511003,19,720
"1701",410079513001,19,1285
"1702",410079504001,19,930
"1703",410079501001,19,610
"1704",410333616005,9,595
"1705",410290030023,4,1220
"1706",410333610001,9,610
"1707",410333608002,4,780
"1708",410333608003,9,2255
"1709",410333611001,9,1725
"1710",410333613002,4,1300
"1711",410333613003,4,1390
"1712",410333612001,9,1795
"1713",410191500002,30,2745
"1714",410190800005,2,590
"1715",410191200003,2,790
"1716",410191700001,30,760
"1717",410192000004,9,1125
"1718",410191100003,30,520
"1719",410190800003,2,620
"1720",410190500013,21,1110
"1721",410390004033,14,1300
"1722",410030108002,19,760
"1723",410030001003,10,1230
"1724",410030011024,10,785
"1725",410530203032,14,1140
"1726",410530203042,14,1170
"1727",410530203023,14,1650
"1728",410530203025,14,2295
"1729",410530203022,10,435
"1730",410710305024,14,765
"1731",410710305014,14,1710
"1732",410530202033,14,545
"1733",410530202032,14,640
"1734",410710306022,14,2360
"1735",410530205001,19,925
"1736",410710304003,19,1085
"1737",410099711003,1,1045
"1738",410670335001,19,760
"1739",410290028002,15,1825
"1740",410290008001,15,2940
"1741",410290003001,4,1970
"1742",410290001002,4,570
"1743",410290004051,15,1435
"1744",410290005021,15,980
"1745",410290012001,15,3135
"1746",410390011023,21,1000
"1747",410390025033,21,1520
"1748",410390024012,26,1190
"1749",410390043001,11,1915
"1750",410390044011,21,1950
"1751",410390043002,21,1315
"1752",410390024042,11,1450
"1753",410390044031,21,595
"1754",410390029042,11,930
"1755",410390045023,21,1580
"1756",410390045021,11,680
"1757",410390045012,11,770
"1758",410390029032,11,1065
"1759",410390051001,11,1080
"1760",410390030002,11,1695
"1761",410390051002,21,1395
"1762",410390021011,26,900
"1763",410390033012,26,710
"1764",410390034003,26,1125
"1765",410390017001,26,1510
"1766",410390019043,21,970
"1767",410390018031,21,1045
"1768",410430309031,26,865
"1769",410430309021,5,805
"1770",410430309022,26,1020
"1771",410430304025,26,1120
"1772",410430204002,10,660
"1773",410430208023,10,900
"1774",410470024002,10,1810
"1775",410430204004,10,805
"1776",410430201001,10,3750
"1777",410470023044,5,610
"1778",410470108022,10,950
"1779",410470107013,5,475
"1780",410530052023,14,2310
"1781",410470021024,28,1250
"1782",410470009002,28,605
"1783",410470010001,28,665
"1784",410470004002,28,1145
"1785",410470017012,28,1740
"1786",410470016033,5,850
"1787",410470103031,7,1345
"1788",410470101002,5,515
"1789",410470103063,5,210
"1790",410710308021,14,1555
"1791",410710308011,14,955
"1792",410670331022,19,990
"1793",410710301021,7,575
"1794",410670324062,1,795
"1795",410670324065,1,1295
"1796",410670316151,23,900
"1797",410670318051,18,1615
"1798",410710301012,7,2305
"1799",410670310031,29,725
"1800",410050227081,7,1055
"1801",410670314041,29,1225
"1802",410670310052,29,1025
"1803",410670301021,29,2360
"1804",410670319121,12,1540
"1805",410670302002,27,1080
"1806",410050227082,7,1980
"1807",410670305013,27,1450
"1808",410670309002,12,1320
"1809",410670308033,18,1120
"1810",410670304011,12,495
"1811",410670301014,27,1325
"1812",410670303002,16,820
"1813",410050227101,23,1935
"1814",410050228004,3,515
"1815",410670332001,1,295
"1816",410670326042,1,810
"1817",410670326041,1,395
"1818",410670315123,29,2520
"1819",410670315061,29,1010
"1820",410670315084,27,870
"1821",410510041011,16,625
"1822",410510072021,16,2565
"1823",410099703001,1,980
"1824",410099703004,1,925
"1825",410099704001,1,1025
"1826",410099707003,16,785
"1827",410390015001,3,910
"1828",410430302002,3,525
"1829",410470105011,3,1480
"1830",410050237004,8,1240
"1831",410510065013,12,1520
"1832",410050204013,7,1155
"1833",410510064032,12,1560
"1834",410510066023,12,1435
"1835",410510046022,16,735
"1836",410510058004,16,990
"1837",410510065021,12,2085
"1838",410510046021,27,800
"1839",410510066021,18,610
"1840",410050229041,7,1215
"1841",410510060021,12,1830
"1842",410510057001,16,725
"1843",410050205041,7,695
"1844",410510010001,6,850
"1845",410510001003,12,640
"1846",410510012012,6,1120
"1847",410510013021,6,745
"1848",410050214002,18,760
"1849",410050226021,7,1900
"1850",410510014005,6,665
"1851",410510003023,6,695
"1852",410050211002,12,1135
"1853",410510008013,6,1020
"1854",410510087003,6,1130
"1855",410050206001,3,1220
"1856",410510008022,6,495
"1857",410510088002,6,1045
"1858",410510007024,6,910
"1859",410050216013,12,940
"1860",410510007013,20,1105
"1861",410050226051,3,1740
"1862",410050220002,8,1860
"1863",410510086001,20,1415
"1864",410510086002,6,1440
"1865",410050216011,6,1045
"1866",410050223013,8,695
"1867",410050221013,18,1390
"1868",410050222011,20,355
"1869",410510016023,13,1115
"1870",410510006023,20,725
"1871",410510089022,20,850
"1872",410510082013,13,625
"1873",410050221082,18,1445
"1874",410050222061,13,1675
"1875",410050221071,13,2380
"1876",410050221072,13,1060
"1877",410510082022,20,1650
"1878",410050221053,18,1970
"1879",410510090001,13,2475
"1880",410510092021,17,1770
"1881",410050221081,8,730
"1882",410510097023,17,840
"1883",410050222081,8,3345
"1884",410510099051,8,1030
"1885",410510099061,8,1655
"1886",410510100011,8,590
"1887",410510104083,13,870
"1888",410510104103,13,635
"1889",410050236001,8,900
"1890",410510104093,8,855
"1891",410510104021,8,1230
"1892",410510040024,27,1615
"1893",410510047003,27,1665
"1894",410510048003,29,635
"1895",410510045001,27,2265
"1896",410510035011,16,465
"1897",410510022031,16,875
"1898",410510034012,20,790
"1899",410510022032,16,765
"1900",410510036012,16,1240
"1901",410510033021,20,1085
"1902",410510021002,6,1320
"1903",410510024022,16,1055
"1904",410510012014,6,1985
"1905",410510032004,20,920
"1906",410510020005,6,1110
"1907",410510025011,6,535
"1908",410510031003,20,780
"1909",410510020003,6,1265
"1910",410510036021,16,1405
"1911",410510018022,6,1120
"1912",410510028022,6,930
"1913",410510028021,20,815
"1914",410510028011,6,1225
"1915",410510018012,6,1205
"1916",410510017012,6,1155
"1917",410510029023,6,855
"1918",410510029031,20,1460
"1919",410510095022,17,795
"1920",410510093013,17,1105
"1921",410510093012,17,1040
"1922",410510096062,13,1475
"1923",410510101001,13,430
"1924",410510103041,17,1395
"1925",410359703003,30,665
"1926",410359702004,30,910
"1927",410050243021,17,1010
"1928",410279501001,17,815
"1929",410359709003,30,875
"1930",410359718003,30,625
"1931",410359715005,30,1135
"1932",410359712002,30,380
"1933",410359711002,30,1765
"1934",410359708002,30,775
"1935",410359720003,30,1315
"1936",410170004021,30,1175
"1937",410170001001,22,1555
"1938",410170006001,25,3195
"1939",410279501003,22,455
"1940",410659707002,17,790
"1941",410279503002,17,850
"1942",410279504003,22,760
"1943",410279503001,17,540
"1944",410279503005,17,590
"1945",410170021003,25,4765
"1946",410170014003,25,405
"1947",410170013002,25,3360
"1948",410170011003,25,4775
"1949",410170017001,25,2115
"1950",410170010013,25,1205
"1951",410170009004,25,1090
"1952",410319603024,25,1515
"1953",410319601001,17,1180
"1954",410319602011,25,1215
"1955",410319601002,25,840
"1956",410659705003,17,765
"1957",410659703002,17,520
"1958",410659704001,17,825
"1959",410659702003,17,710
"1960",410659702002,17,900
"1961",410379602006,30,410
"1962",410219601003,24,415
"1963",410379602005,30,705
"1964",410699601002,17,630
"1965",410499702002,24,370
"1966",410259602002,22,650
"1967",410499701005,24,895
"1968",410599511005,24,1045
"1969",410599513004,24,965
"1970",410259601005,22,495
"1971",410599505004,24,765
"1972",410599506003,24,355
"1973",410599503001,24,650
"1974",410599502006,24,355
"1975",410019503002,24,770
"1976",410019504001,24,1235
"1977",410619705001,24,805
"1978",410619707002,24,915
"1979",410619708002,24,485
"1980",410619706001,24,935
"1981",410619703001,24,550
"1982",410459706002,22,850
"1983",410459703005,22,455
"1984",410459703001,22,510
"1985",410459709004,17,495
"1986",410159504002,9,825
"1987",410159503011,9,2185
"1988",410159502001,9,1375
"1989",410110009008,9,465
"1990",410110009006,9,830
"1991",410110011005,9,600
"1992",410110011001,2,465
"1993",410110005031,2,1105
"1994",410110007007,19,1085
"1995",410190200002,2,855
"1996",410399900000,9,0
"1997",410190200003,9,1045
"1998",410390007021,9,1085
"1999",410390007062,2,1160
"2000",410191700002,2,2170
"2001",410110002002,19,1255
"2002",410190300002,19,1095
"2003",410390007071,2,1270
"2004",410390005003,19,630
"2005",410419515002,2,1810
"2006",410419508002,2,1450
"2007",410419509001,2,590
"2008",410579608003,2,800
"2009",410579606002,19,855
"2010",410579601003,19,295
"2011",410579602001,19,700
"2012",410079513002,19,885
"2013",410079506002,19,885
"2014",410333614002,9,1170
"2015",410290030022,4,1095
"2016",410333609001,9,1760
"2017",410333608001,9,1295
"2018",410333611003,9,1575
"2019",410333603004,4,990
"2020",410333612004,4,815
"2021",410333607012,4,625
"2022",410333606003,4,615
"2023",410290029002,9,1795
"2024",410191400003,2,860
"2025",410192000002,2,790
"2026",410191300002,2,605
"2027",410191100001,30,905
"2028",410190600001,2,840
"2029",410190800001,2,2520
"2030",410190600002,2,770
"2031",410390008002,21,845
"2032",410390004021,21,1160
"2033",410390009023,21,1210
"2034",410390009041,21,940
"2035",410390010023,21,900
"2036",410030104002,14,365
"2037",410030001004,5,2425
"2038",410430307004,5,1040
"2039",410030011014,5,855
"2040",410030011012,10,940
"2041",410030106002,5,790
"2042",410030001001,10,1150
"2043",410530203043,14,2410
"2044",410430307002,10,655
"2045",410710305012,14,635
"2046",410530202041,14,1035
"2047",410710308023,14,1045
"2048",410710307024,14,975
"2049",410710304004,1,855
"2050",410290021001,4,1445
"2051",410290009001,4,750
"2052",410290002011,15,805
"2053",410290004052,15,1810
"2054",410290005023,15,1705
"2055",410290004062,4,2055
"2056",410290016024,15,865
"2057",410290016011,4,2660
"2058",410290016021,15,1175
"2059",410290006023,15,1395
"2060",410290027003,15,2540
"2061",410390012022,21,875
"2062",410390025012,21,1415
"2063",410390025032,11,1315
"2064",410390043003,11,880
"2065",410390024032,11,865
"2066",410390027002,21,1170
"2067",410390044042,21,730
"2068",410390041003,11,940
"2069",410390028003,11,1045
"2070",410390044043,21,925
"2071",410390044032,21,1675
"2072",410390044051,21,1035
"2073",410390004041,26,750
"2074",410390042002,11,975
"2075",410390042003,11,640
"2076",410390040003,11,610
"2077",410390029043,11,1390
"2078",410390030001,11,690
"2079",410390038005,11,2050
"2080",410390022022,11,800
"2081",410390031013,11,2075
"2082",410390003002,26,1060
"2083",410390033023,26,985
"2084",410390034001,26,770
"2085",410390019022,26,640
"2086",410390002002,26,1145
"2087",410430308001,26,635
"2088",410430309024,5,1040
"2089",410430304011,26,1355
"2090",410030101002,10,1685
"2091",410430203004,10,725
"2092",410030101003,10,2070
"2093",410430206005,10,735
"2094",410430201002,5,1460
"2095",410470108021,10,1270
"2096",410470108013,10,1360
"2097",410470108015,5,1170
"2098",410470107015,5,1395
"2099",410470023011,10,1825
"2100",410530052024,7,2145
"2101",410470022022,28,735
"2102",410470013001,28,1420
"2103",410530052022,28,1270
"2104",410470011003,5,1170
"2105",410470014023,28,1975
"2106",410470014013,28,1440
"2107",410470003004,28,1010
"2108",410470025012,5,1515
"2109",410470006001,28,1105
"2110",410470005021,28,370
"2111",410470016022,28,760
"2112",410470016021,28,1370
"2113",410470016041,28,1900
"2114",410470018012,28,1200
"2115",410470017023,28,1050
"2116",410470016044,28,1220
"2117",410470016024,28,1145
"2118",410470025023,28,700
"2119",410470018021,28,820
"2120",410470016031,5,1130
"2121",410470103072,7,650
"2122",410470103065,7,905
"2123",410470103051,7,620
"2124",410470104004,3,865
"2125",410470104002,3,835
"2126",410670329023,1,700
"2127",410670330001,19,770
"2128",410670325011,19,1730
"2129",410710301022,7,2780
"2130",410710303022,23,960
"2131",410670325032,1,695
"2132",410670317033,23,1460
"2133",410670322002,23,785
"2134",410670317051,29,865
"2135",410670317052,29,1250
"2136",410670316131,29,960
"2137",410670317063,29,995
"2138",410670318062,27,1025
"2139",410670318121,23,1680
"2140",410670318071,29,1310
"2141",410670318122,18,2590
"2142",410670312004,27,1250
"2143",410670319112,18,1845
"2144",410670310061,27,1755
"2145",410670319041,18,1025
"2146",410670301011,27,840
"2147",410670309001,12,1410
"2148",410670320012,23,855
"2149",410050244003,23,2210
"2150",410670306003,12,720
"2151",410670320042,7,735
"2152",410050244002,23,955
"2153",410670306001,12,2360
"2154",410470102021,7,845
"2155",410670333014,1,460
"2156",410670333012,1,410
"2157",410670327001,1,945
"2158",410670326062,1,465
"2159",410670316171,23,840
"2160",410099710001,1,1000
"2161",410099709002,27,780
"2162",410670315043,29,855
"2163",410670315142,29,1610
"2164",410670315072,29,620
"2165",410670315133,29,2785
"2166",410670315131,27,2100
"2167",410510070003,29,830
"2168",410670301022,27,2755
"2169",410510071002,16,565
"2170",410510041014,27,1295
"2171",410099703003,1,685
"2172",410099703005,1,545
"2173",410099706001,1,1415
"2174",410099704002,1,1100
"2175",410099707002,16,520
"2176",410390015003,3,675
"2177",410390015004,3,1115
"2178",410470106003,5,580
"2179",410430302003,3,560
"2180",410050241001,22,1510
"2181",410050240002,3,570
"2182",410050204012,18,735
"2183",410050203043,18,1370
"2184",410510065011,12,1530
"2185",410510065022,12,1585
"2186",410510067021,12,1720
"2187",410510066022,12,2305
"2188",410510064021,12,2480
"2189",410050229061,3,1220
"2190",410050229062,3,910
"2191",410510056001,16,1080
"2192",410510060012,12,585
"2193",410510058003,12,305
"2194",410510056003,16,2810
"2195",410510057003,16,695
"2196",410510010005,16,1115
"2197",410510009013,6,1050
"2198",410050205013,3,2055
"2199",410510013023,6,1005
"2200",410510003025,12,760
"2201",410050229011,3,2700
"2202",410510003012,6,1520
"2203",410050209001,12,975
"2204",410510015002,6,880
"2205",410050214001,18,2495
"2206",410510008011,20,1040
"2207",410050219002,3,720
"2208",410510005025,6,815
"2209",410510007011,20,1195
"2210",410050225001,3,2005
"2211",410510006021,13,755
"2212",410510089021,13,1960
"2213",410510084001,13,920
"2214",410510085001,13,2390
"2215",410050222052,13,1610
"2216",410510089013,13,1165
"2217",410510090002,13,2350
"2218",410510092011,20,1060
"2219",410050222071,8,3190
"2220",410510098034,8,805
"2221",410510098011,8,1265
"2222",410510099043,8,895
"2223",410510104082,8,1165
"2224",410510104073,8,930
"2225",410510104081,13,915
"2226",410050231002,22,1100
"2227",410510104072,13,1155
"2228",410510104023,8,2070
"2229",410050235004,22,310
"2230",410510105002,17,830
"2231",410050236003,22,925
"2232",410510040012,27,815
"2233",410510052003,27,970
"2234",410510038031,16,1060
"2235",410510055002,16,1040
"2236",410510035013,16,755
"2237",410510038033,16,1480
"2238",410510038022,16,690
"2239",410510038032,16,1005
"2240",410510051003,27,1030
"2241",410510037023,20,965
"2242",410510037013,20,955
"2243",410510034022,16,830
"2244",410510037012,16,800
"2245",410510036014,20,1130
"2246",410510024012,6,430
"2247",410510036024,16,1300
"2248",410510019004,6,1005
"2249",410510026001,20,735
"2250",410510030001,20,840
"2251",410510019001,6,995
"2252",410510018011,20,1100
"2253",410510029013,20,655
"2254",410510029014,20,1305
"2255",410510029025,20,970
"2256",410510029024,20,1165
"2257",410510029022,20,690
"2258",410510017023,20,1010
"2259",410510081003,20,530
"2260",410510079002,17,2400
"2261",410510073001,17,1075
"2262",410510094005,17,850
"2263",410510096051,17,1090
"2264",410510096041,17,1670
"2265",410510103063,17,615
"2266",410359709002,30,955
"2267",410359702003,4,1395
"2268",410050243022,22,1575
"2269",410510105004,17,695
"2270",410050243032,17,1000
"2271",410359716003,30,775
"2272",410359717002,30,840
"2273",410359711001,30,455
"2274",410170003003,30,845
"2275",410170004011,30,2490
"2276",410170014001,25,3920
"2277",410170006003,22,1075
"2278",410319400001,22,980
"2279",410379601002,30,675
"2280",410170014002,25,540
"2281",410170015003,22,1265
"2282",410170018002,22,2020
"2283",410170019022,22,1280
"2284",410170012003,25,1600
"2285",410170010011,25,1800
"2286",410170010021,25,1960
"2287",410319603013,22,1660
"2288",410170010015,25,2200
"2289",410170008002,25,755
"2290",410139502004,25,605
"2291",410559501001,24,690
"2292",410139502003,17,770
"2293",410219601002,24,410
"2294",410259601001,22,1055
"2295",410239602004,24,1190
"2296",410599513003,24,665
"2297",410599504001,24,395
"2298",410599512004,24,510
"2299",410599508001,24,2635
"2300",410259601002,22,510
"2301",410239602005,24,675
"2302",410599504005,24,765
"2303",410599502007,24,435
"2304",410019502003,24,965
"2305",410619702002,24,1070
"2306",410619704002,24,895
"2307",410619704001,24,680
"2308",410459705004,22,350
"2309",410459702004,22,1090
"2310",410459705001,22,665
"2311",410159503021,9,855
"2312",410110011007,9,1030
"2313",410110010004,9,955
"2314",410110010001,2,700
"2315",410110009003,9,830
"2316",410110011004,9,780
"2317",410110011002,9,420
"2318",410110005021,2,1930
"2319",410110001005,2,665
"2320",410110002003,2,415
"2321",410110002001,2,575
"2322",410110001001,9,905
"2323",410390007022,9,1025
"2324",410333601002,9,750
"2325",410390005002,2,365
"2326",410419515001,2,805
"2327",410419508001,2,1345
"2328",410419518002,19,1250
"2329",410530204003,14,625
"2330",410419504002,2,1450
"2331",410419503041,19,985
"2332",410419503031,2,895
"2333",410579901000,2,0
"2334",410579608001,2,695
"2335",410419501001,19,1650
"2336",410530204002,19,1430
"2337",410579605003,19,575
"2338",410579604007,19,965
"2339",410579604006,19,1100
"2340",410579602003,19,555
"2341",410079512003,1,835
"2342",410079509001,19,650
"2343",410079502002,19,600
"2344",410333616002,9,1105
"2345",410333605003,9,1605
"2346",410333613001,4,1785
"2347",410190700003,2,1170
"2348",410190800004,2,1035
"2349",410191300003,30,980
"2350",410191900001,15,2075
"2351",410191800002,15,435
"2352",410190500021,21,2135
"2353",410390004032,26,1345
"2354",410390004042,26,720
"2355",410030011021,10,700
"2356",410030010013,10,885
"2357",410030005001,5,805
"2358",410030005003,10,690
"2359",410030006001,5,1130
"2360",410030102001,10,1625
"2361",410710307023,14,2290
"2362",410710306021,14,2335
"2363",410670334002,19,930
"2364",410290015001,4,640
"2365",410290015004,4,1245
"2366",410290009003,4,540
"2367",410290002023,4,1075
"2368",410290001001,4,660
"2369",410290005012,15,1275
"2370",410290013024,15,1160
"2371",410290016022,15,955
"2372",410290006022,15,1955
"2373",410290016012,15,915
"2374",410290027001,15,730
"2375",410390012023,21,945
"2376",410390012013,21,620
"2377",410390011022,21,1030
"2378",410390025042,11,1530
"2379",410390025011,21,935
"2380",410390026003,11,1395
"2381",410390029041,11,960
"2382",410390023011,11,2170
"2383",410390054003,21,1855
"2384",410390052002,11,1055
"2385",410390039001,11,1165
"2386",410390054002,21,925
"2387",410390038004,11,2170
"2388",410390022011,11,940
"2389",410390048001,11,1685
"2390",410390021021,11,1520
"2391",410390032011,26,570
"2392",410390036003,26,1375
"2393",410390020021,26,1860
"2394",410390011013,21,1995
"2395",410390003001,14,840
"2396",410390020011,26,1455
"2397",410390017002,11,465
"2398",410390019024,26,930
"2399",410390019042,21,1305
"2400",410390035003,26,560
"2401",410390018013,21,1070
"2402",410430305003,26,1220
"2403",410430303003,3,595
"2404",410430308005,26,1300
"2405",410430305002,26,1565
"2406",410430208011,10,950
"2407",410430208024,10,1095
"2408",410430208012,10,1150
"2409",410030101001,10,725
"2410",410430204001,10,685
"2411",410470020004,10,2470
"2412",410470108014,5,445
"2413",410430301003,26,700
"2414",410470107014,5,1505
"2415",410470107023,5,2210
"2416",410470107021,5,870
"2417",410710310001,14,1475
"2418",410530053004,7,1780
"2419",410530051002,14,880
"2420",410530051001,28,675
"2421",410530053002,28,1175
"2422",410470023032,28,1600
"2423",410470023031,28,2140
"2424",410470002002,28,805
"2425",410470004001,28,1455
"2426",410470010003,28,1040
"2427",410470016011,28,890
"2428",410470018014,28,825
"2429",410470018023,28,1040
"2430",410470017033,28,1340
"2431",410470018024,28,1570
"2432",410470018025,28,1090
"2433",410470025022,5,1880
"2434",410470105031,5,600
"2435",410470102022,5,1555
"2436",410470104001,3,330
"2437",410710308012,7,1255
"2438",410710306012,7,1045
"2439",410670329022,1,1820
"2440",410710303021,1,700
"2441",410710303015,7,760
"2442",410670324044,1,1690
"2443",410670330003,1,1015
"2444",410670324063,1,1280
"2445",410670316154,23,590
"2446",410670317032,23,765
"2447",410670317031,23,1060
"2448",410670316103,29,575
"2449",410670317053,29,965
"2450",410670318041,23,1690
"2451",410670318053,27,520
"2452",410670317062,29,925
"2453",410670321031,23,1855
"2454",410670321033,7,2630
"2455",410670317061,29,1505
"2456",410670318132,18,1800
"2457",410670321041,7,760
"2458",410670319091,18,2050
"2459",410670319081,23,2730
"2460",410670312002,29,300
"2461",410670321032,23,2710
"2462",410670314021,29,715
"2463",410670321042,7,1470
"2464",410670319074,23,565
"2465",410670319082,23,2545
"2466",410670310053,27,1075
"2467",410670321091,23,730
"2468",410670321102,23,635
"2469",410670308014,18,880
"2470",410670321071,23,1645
"2471",410670320031,23,1290
"2472",410670308051,23,975
"2473",410670302001,16,1135
"2474",410670320041,23,830
"2475",410050228001,7,890
"2476",410670304021,12,1555
"2477",410050228002,7,1560
"2478",410670321101,23,2580
"2479",410670333013,1,605
"2480",410670332003,19,1565
"2481",410670329011,19,2555
"2482",410670326063,1,560
"2483",410670326061,1,1040
"2484",410670326064,1,905
"2485",410670316172,29,1215
"2486",410670316173,29,745
"2487",410670316162,29,1475
"2488",410670315111,29,1665
"2489",410670316111,29,1435
"2490",410670315132,29,2015
"2491",410670315083,29,1100
"2492",410510041013,16,2135
"2493",410510043001,27,795
"2494",410099703002,1,690
"2495",410099705002,1,1345
"2496",410290022001,4,760
"2497",410290018003,4,2000
"2498",410390001004,21,795
"2499",410430304022,26,1895
"2500",410050238005,22,915
"2501",410050239023,22,950
"2502",410050239022,22,1205
"2503",410050241002,22,1270
"2504",410050203041,12,1550
"2505",410510066012,12,895
"2506",410510068011,16,1830
"2507",410510067011,12,1470
"2508",410510068021,16,1050
"2509",410510068022,12,1525
"2510",410050204031,3,1835
"2511",410510061002,16,1035
"2512",410510061001,16,1000
"2513",410510058001,16,790
"2514",410510056004,16,920
"2515",410510060011,12,725
"2516",410050229051,7,870
"2517",410510062001,18,955
"2518",410050227022,7,1540
"2519",410050207003,7,810
"2520",410510001005,12,580
"2521",410050212001,18,1470
"2522",410510010002,6,1065
"2523",410510002004,12,1040
"2524",410510003014,6,1070
"2525",410510009014,6,880
"2526",410510013012,6,520
"2527",410050209003,12,1405
"2528",410050211001,12,725
"2529",410510003011,6,980
"2530",410510003024,12,1070
"2531",410510014003,6,1255
"2532",410050210003,12,965
"2533",410510004013,6,855
"2534",410510008012,20,1070
"2535",410510015001,20,1315
"2536",410050217003,3,1770
"2537",410510088003,6,945
"2538",410050225004,3,535
"2539",410050218012,8,1545
"2540",410510005021,6,660
"2541",410510007012,20,685
"2542",410510016013,13,965
"2543",410510083021,13,1210
"2544",410510084002,13,1580
"2545",410050230011,3,1915
"2546",410510092023,17,950
"2547",410510091022,13,1275
"2548",410510097021,17,1225
"2549",410510099033,13,1810
"2550",410050237003,8,1030
"2551",410510099031,8,945
"2552",410510100021,8,2105
"2553",410510104053,13,1015
"2554",410510104102,13,1500
"2555",410510104101,13,1110
"2556",410510104071,8,2075
"2557",410510104091,8,3585
"2558",410510104092,8,1475
"2559",410050242001,22,1090
"2560",410510105001,17,935
"2561",410050234041,17,990
"2562",410050242003,22,950
"2563",410510040022,27,860
"2564",410510047001,29,1035
"2565",410510039013,16,1155
"2566",410510039012,27,810
"2567",410510038023,16,970
"2568",410510035012,16,1015
"2569",410510106001,27,640
"2570",410510034014,16,870
"2571",410510023031,16,800
"2572",410510033012,20,790
"2573",410510020004,6,1490
"2574",410510036022,20,1425
"2575",410510031001,20,1415
"2576",410510026002,20,755
"2577",410510036032,20,755
"2578",410510030004,20,800
"2579",410510075003,20,1130
"2580",410510027022,6,1620
"2581",410510017022,6,845
"2582",410510094003,17,1110
"2583",410510096053,17,1310
"2584",410510103031,13,2065
"2585",410510103061,13,1205
"2586",410510102001,17,980
"2587",410510103051,17,1020
"2588",410359703001,4,520
"2589",410359707001,30,600
"2590",410050243023,17,1430
"2591",410359716004,30,565
"2592",410359715002,30,570
"2593",410359714001,30,765
"2594",410359711004,30,470
"2595",410359719005,30,315
"2596",410359717001,30,730
"2597",410359717003,30,485
"2598",410170004022,30,715
"2599",410170005005,3,1465
"2600",410659708004,22,1015
"2601",410279501004,22,640
"2602",410659708001,17,1090
"2603",410170021002,25,1880
"2604",410170015005,22,1370
"2605",410170015001,25,300
"2606",410170016002,25,1460
"2607",410170020004,22,1425
"2608",410170019024,22,1280
"2609",410170012004,25,2515
"2610",410170012002,25,635
"2611",410170009003,25,1305
"2612",410170007003,25,940
"2613",410170007002,25,2100
"2614",410139503003,25,765
"2615",410139501004,25,390
"2616",410139501003,17,2505
"2617",410219601001,24,650
"2618",410499702005,24,230
"2619",410499701001,24,1265
"2620",410599509001,24,445
"2621",410599510003,24,870
"2622",410599510004,24,370
"2623",410239601003,17,495
"2624",410599507001,24,675
"2625",410599503002,24,875
"2626",410459709003,17,3340
"2627",410599502001,24,610
"2628",410019503003,24,360
"2629",410619707001,24,585
"2630",410619708004,24,795
"2631",410619701004,24,525
"2632",410619702001,24,780
"2633",410619701003,24,340
"2634",410459704001,22,1160
